"cell.count","file_name"
205,"B10_04_1_1_RFP_001.tif"
260,"B10_04_1_1_RFP_002.tif"
298,"B10_04_1_1_RFP_003.tif"
308,"B10_04_1_1_RFP_004.tif"
340,"B10_04_1_1_RFP_005.tif"
421,"B10_04_1_1_RFP_006.tif"
484,"B10_04_1_1_RFP_007.tif"
627,"B10_04_1_1_RFP_008.tif"
782,"B10_04_1_1_RFP_009.tif"
896,"B10_04_1_1_RFP_010.tif"
284,"B11_04_1_1_RFP_001.tif"
341,"B11_04_1_1_RFP_002.tif"
415,"B11_04_1_1_RFP_003.tif"
406,"B11_04_1_1_RFP_004.tif"
427,"B11_04_1_1_RFP_005.tif"
515,"B11_04_1_1_RFP_006.tif"
673,"B11_04_1_1_RFP_007.tif"
819,"B11_04_1_1_RFP_008.tif"
991,"B11_04_1_1_RFP_009.tif"
1244,"B11_04_1_1_RFP_010.tif"
317,"B12_04_1_1_RFP_001.tif"
423,"B12_04_1_1_RFP_002.tif"
467,"B12_04_1_1_RFP_003.tif"
469,"B12_04_1_1_RFP_004.tif"
512,"B12_04_1_1_RFP_005.tif"
622,"B12_04_1_1_RFP_006.tif"
684,"B12_04_1_1_RFP_007.tif"
752,"B12_04_1_1_RFP_008.tif"
756,"B12_04_1_1_RFP_009.tif"
771,"B12_04_1_1_RFP_010.tif"
355,"B13_04_1_1_RFP_001.tif"
369,"B13_04_1_1_RFP_002.tif"
434,"B13_04_1_1_RFP_003.tif"
403,"B13_04_1_1_RFP_004.tif"
469,"B13_04_1_1_RFP_005.tif"
578,"B13_04_1_1_RFP_006.tif"
645,"B13_04_1_1_RFP_007.tif"
740,"B13_04_1_1_RFP_008.tif"
814,"B13_04_1_1_RFP_009.tif"
837,"B13_04_1_1_RFP_010.tif"
279,"B14_04_1_1_RFP_001.tif"
312,"B14_04_1_1_RFP_002.tif"
322,"B14_04_1_1_RFP_003.tif"
314,"B14_04_1_1_RFP_004.tif"
325,"B14_04_1_1_RFP_005.tif"
398,"B14_04_1_1_RFP_006.tif"
480,"B14_04_1_1_RFP_007.tif"
568,"B14_04_1_1_RFP_008.tif"
586,"B14_04_1_1_RFP_009.tif"
613,"B14_04_1_1_RFP_010.tif"
422,"B15_04_1_1_RFP_001.tif"
413,"B15_04_1_1_RFP_002.tif"
466,"B15_04_1_1_RFP_003.tif"
424,"B15_04_1_1_RFP_004.tif"
505,"B15_04_1_1_RFP_005.tif"
595,"B15_04_1_1_RFP_006.tif"
705,"B15_04_1_1_RFP_007.tif"
816,"B15_04_1_1_RFP_008.tif"
851,"B15_04_1_1_RFP_009.tif"
905,"B15_04_1_1_RFP_010.tif"
345,"B16_04_1_1_RFP_001.tif"
358,"B16_04_1_1_RFP_002.tif"
391,"B16_04_1_1_RFP_003.tif"
425,"B16_04_1_1_RFP_004.tif"
428,"B16_04_1_1_RFP_005.tif"
591,"B16_04_1_1_RFP_006.tif"
742,"B16_04_1_1_RFP_007.tif"
904,"B16_04_1_1_RFP_008.tif"
1053,"B16_04_1_1_RFP_009.tif"
1162,"B16_04_1_1_RFP_010.tif"
367,"B17_04_1_1_RFP_001.tif"
388,"B17_04_1_1_RFP_002.tif"
448,"B17_04_1_1_RFP_003.tif"
428,"B17_04_1_1_RFP_004.tif"
474,"B17_04_1_1_RFP_005.tif"
631,"B17_04_1_1_RFP_006.tif"
877,"B17_04_1_1_RFP_007.tif"
1034,"B17_04_1_1_RFP_008.tif"
1222,"B17_04_1_1_RFP_009.tif"
1393,"B17_04_1_1_RFP_010.tif"
307,"B18_04_1_1_RFP_001.tif"
344,"B18_04_1_1_RFP_002.tif"
421,"B18_04_1_1_RFP_003.tif"
372,"B18_04_1_1_RFP_004.tif"
424,"B18_04_1_1_RFP_005.tif"
590,"B18_04_1_1_RFP_006.tif"
655,"B18_04_1_1_RFP_007.tif"
899,"B18_04_1_1_RFP_008.tif"
1020,"B18_04_1_1_RFP_009.tif"
1126,"B18_04_1_1_RFP_010.tif"
369,"B19_04_1_1_RFP_001.tif"
390,"B19_04_1_1_RFP_002.tif"
427,"B19_04_1_1_RFP_003.tif"
412,"B19_04_1_1_RFP_004.tif"
477,"B19_04_1_1_RFP_005.tif"
671,"B19_04_1_1_RFP_006.tif"
779,"B19_04_1_1_RFP_007.tif"
1010,"B19_04_1_1_RFP_008.tif"
1096,"B19_04_1_1_RFP_009.tif"
1278,"B19_04_1_1_RFP_010.tif"
90,"B2_04_1_1_RFP_001.tif"
257,"B2_04_1_1_RFP_002.tif"
316,"B2_04_1_1_RFP_003.tif"
317,"B2_04_1_1_RFP_004.tif"
340,"B2_04_1_1_RFP_005.tif"
341,"B2_04_1_1_RFP_006.tif"
364,"B2_04_1_1_RFP_007.tif"
423,"B2_04_1_1_RFP_008.tif"
335,"B2_04_1_1_RFP_009.tif"
354,"B2_04_1_1_RFP_010.tif"
291,"B20_04_1_1_RFP_001.tif"
364,"B20_04_1_1_RFP_002.tif"
403,"B20_04_1_1_RFP_003.tif"
354,"B20_04_1_1_RFP_004.tif"
432,"B20_04_1_1_RFP_005.tif"
586,"B20_04_1_1_RFP_006.tif"
757,"B20_04_1_1_RFP_007.tif"
976,"B20_04_1_1_RFP_008.tif"
1051,"B20_04_1_1_RFP_009.tif"
1224,"B20_04_1_1_RFP_010.tif"
361,"B21_04_1_1_RFP_001.tif"
355,"B21_04_1_1_RFP_002.tif"
397,"B21_04_1_1_RFP_003.tif"
423,"B21_04_1_1_RFP_004.tif"
511,"B21_04_1_1_RFP_005.tif"
737,"B21_04_1_1_RFP_006.tif"
849,"B21_04_1_1_RFP_007.tif"
1171,"B21_04_1_1_RFP_008.tif"
1252,"B21_04_1_1_RFP_009.tif"
1386,"B21_04_1_1_RFP_010.tif"
48,"B3_04_1_1_RFP_001.tif"
201,"B3_04_1_1_RFP_002.tif"
268,"B3_04_1_1_RFP_003.tif"
275,"B3_04_1_1_RFP_004.tif"
331,"B3_04_1_1_RFP_005.tif"
357,"B3_04_1_1_RFP_006.tif"
403,"B3_04_1_1_RFP_007.tif"
410,"B3_04_1_1_RFP_008.tif"
397,"B3_04_1_1_RFP_009.tif"
389,"B3_04_1_1_RFP_010.tif"
69,"B4_04_1_1_RFP_001.tif"
184,"B4_04_1_1_RFP_002.tif"
210,"B4_04_1_1_RFP_003.tif"
223,"B4_04_1_1_RFP_004.tif"
274,"B4_04_1_1_RFP_005.tif"
308,"B4_04_1_1_RFP_006.tif"
360,"B4_04_1_1_RFP_007.tif"
376,"B4_04_1_1_RFP_008.tif"
364,"B4_04_1_1_RFP_009.tif"
410,"B4_04_1_1_RFP_010.tif"
108,"B5_04_1_1_RFP_001.tif"
186,"B5_04_1_1_RFP_002.tif"
238,"B5_04_1_1_RFP_003.tif"
265,"B5_04_1_1_RFP_004.tif"
316,"B5_04_1_1_RFP_005.tif"
423,"B5_04_1_1_RFP_006.tif"
473,"B5_04_1_1_RFP_007.tif"
482,"B5_04_1_1_RFP_008.tif"
515,"B5_04_1_1_RFP_009.tif"
471,"B5_04_1_1_RFP_010.tif"
167,"B6_04_1_1_RFP_001.tif"
295,"B6_04_1_1_RFP_002.tif"
375,"B6_04_1_1_RFP_003.tif"
425,"B6_04_1_1_RFP_004.tif"
529,"B6_04_1_1_RFP_005.tif"
592,"B6_04_1_1_RFP_006.tif"
665,"B6_04_1_1_RFP_007.tif"
793,"B6_04_1_1_RFP_008.tif"
778,"B6_04_1_1_RFP_009.tif"
817,"B6_04_1_1_RFP_010.tif"
186,"B7_04_1_1_RFP_001.tif"
261,"B7_04_1_1_RFP_002.tif"
319,"B7_04_1_1_RFP_003.tif"
310,"B7_04_1_1_RFP_004.tif"
383,"B7_04_1_1_RFP_005.tif"
435,"B7_04_1_1_RFP_006.tif"
539,"B7_04_1_1_RFP_007.tif"
660,"B7_04_1_1_RFP_008.tif"
749,"B7_04_1_1_RFP_009.tif"
942,"B7_04_1_1_RFP_010.tif"
191,"B8_04_1_1_RFP_001.tif"
264,"B8_04_1_1_RFP_002.tif"
295,"B8_04_1_1_RFP_003.tif"
299,"B8_04_1_1_RFP_004.tif"
333,"B8_04_1_1_RFP_005.tif"
424,"B8_04_1_1_RFP_006.tif"
509,"B8_04_1_1_RFP_007.tif"
640,"B8_04_1_1_RFP_008.tif"
738,"B8_04_1_1_RFP_009.tif"
909,"B8_04_1_1_RFP_010.tif"
247,"B9_04_1_1_RFP_001.tif"
350,"B9_04_1_1_RFP_002.tif"
383,"B9_04_1_1_RFP_003.tif"
362,"B9_04_1_1_RFP_004.tif"
428,"B9_04_1_1_RFP_005.tif"
510,"B9_04_1_1_RFP_006.tif"
600,"B9_04_1_1_RFP_007.tif"
757,"B9_04_1_1_RFP_008.tif"
900,"B9_04_1_1_RFP_009.tif"
1169,"B9_04_1_1_RFP_010.tif"
159,"C10_04_1_1_RFP_001.tif"
220,"C10_04_1_1_RFP_002.tif"
277,"C10_04_1_1_RFP_003.tif"
260,"C10_04_1_1_RFP_004.tif"
339,"C10_04_1_1_RFP_005.tif"
371,"C10_04_1_1_RFP_006.tif"
440,"C10_04_1_1_RFP_007.tif"
510,"C10_04_1_1_RFP_008.tif"
609,"C10_04_1_1_RFP_009.tif"
692,"C10_04_1_1_RFP_010.tif"
261,"C11_04_1_1_RFP_001.tif"
363,"C11_04_1_1_RFP_002.tif"
405,"C11_04_1_1_RFP_003.tif"
391,"C11_04_1_1_RFP_004.tif"
447,"C11_04_1_1_RFP_005.tif"
530,"C11_04_1_1_RFP_006.tif"
632,"C11_04_1_1_RFP_007.tif"
772,"C11_04_1_1_RFP_008.tif"
857,"C11_04_1_1_RFP_009.tif"
1019,"C11_04_1_1_RFP_010.tif"
293,"C12_04_1_1_RFP_001.tif"
390,"C12_04_1_1_RFP_002.tif"
448,"C12_04_1_1_RFP_003.tif"
438,"C12_04_1_1_RFP_004.tif"
497,"C12_04_1_1_RFP_005.tif"
568,"C12_04_1_1_RFP_006.tif"
627,"C12_04_1_1_RFP_007.tif"
677,"C12_04_1_1_RFP_008.tif"
736,"C12_04_1_1_RFP_009.tif"
698,"C12_04_1_1_RFP_010.tif"
359,"C13_04_1_1_RFP_001.tif"
337,"C13_04_1_1_RFP_002.tif"
389,"C13_04_1_1_RFP_003.tif"
407,"C13_04_1_1_RFP_004.tif"
382,"C13_04_1_1_RFP_005.tif"
497,"C13_04_1_1_RFP_006.tif"
546,"C13_04_1_1_RFP_007.tif"
622,"C13_04_1_1_RFP_008.tif"
700,"C13_04_1_1_RFP_009.tif"
752,"C13_04_1_1_RFP_010.tif"
303,"C14_04_1_1_RFP_001.tif"
328,"C14_04_1_1_RFP_002.tif"
361,"C14_04_1_1_RFP_003.tif"
312,"C14_04_1_1_RFP_004.tif"
360,"C14_04_1_1_RFP_005.tif"
438,"C14_04_1_1_RFP_006.tif"
561,"C14_04_1_1_RFP_007.tif"
620,"C14_04_1_1_RFP_008.tif"
718,"C14_04_1_1_RFP_009.tif"
769,"C14_04_1_1_RFP_010.tif"
344,"C15_04_1_1_RFP_001.tif"
299,"C15_04_1_1_RFP_002.tif"
338,"C15_04_1_1_RFP_003.tif"
296,"C15_04_1_1_RFP_004.tif"
368,"C15_04_1_1_RFP_005.tif"
442,"C15_04_1_1_RFP_006.tif"
539,"C15_04_1_1_RFP_007.tif"
634,"C15_04_1_1_RFP_008.tif"
693,"C15_04_1_1_RFP_009.tif"
732,"C15_04_1_1_RFP_010.tif"
399,"C16_04_1_1_RFP_001.tif"
386,"C16_04_1_1_RFP_002.tif"
497,"C16_04_1_1_RFP_003.tif"
458,"C16_04_1_1_RFP_004.tif"
502,"C16_04_1_1_RFP_005.tif"
638,"C16_04_1_1_RFP_006.tif"
775,"C16_04_1_1_RFP_007.tif"
1018,"C16_04_1_1_RFP_008.tif"
1138,"C16_04_1_1_RFP_009.tif"
1251,"C16_04_1_1_RFP_010.tif"
371,"C17_04_1_1_RFP_001.tif"
321,"C17_04_1_1_RFP_002.tif"
418,"C17_04_1_1_RFP_003.tif"
387,"C17_04_1_1_RFP_004.tif"
484,"C17_04_1_1_RFP_005.tif"
567,"C17_04_1_1_RFP_006.tif"
706,"C17_04_1_1_RFP_007.tif"
818,"C17_04_1_1_RFP_008.tif"
1038,"C17_04_1_1_RFP_009.tif"
1190,"C17_04_1_1_RFP_010.tif"
316,"C18_04_1_1_RFP_001.tif"
326,"C18_04_1_1_RFP_002.tif"
359,"C18_04_1_1_RFP_003.tif"
330,"C18_04_1_1_RFP_004.tif"
371,"C18_04_1_1_RFP_005.tif"
476,"C18_04_1_1_RFP_006.tif"
616,"C18_04_1_1_RFP_007.tif"
820,"C18_04_1_1_RFP_008.tif"
1014,"C18_04_1_1_RFP_009.tif"
1262,"C18_04_1_1_RFP_010.tif"
364,"C19_04_1_1_RFP_001.tif"
344,"C19_04_1_1_RFP_002.tif"
435,"C19_04_1_1_RFP_003.tif"
393,"C19_04_1_1_RFP_004.tif"
482,"C19_04_1_1_RFP_005.tif"
616,"C19_04_1_1_RFP_006.tif"
750,"C19_04_1_1_RFP_007.tif"
946,"C19_04_1_1_RFP_008.tif"
1161,"C19_04_1_1_RFP_009.tif"
1366,"C19_04_1_1_RFP_010.tif"
45,"C2_04_1_1_RFP_001.tif"
306,"C2_04_1_1_RFP_002.tif"
394,"C2_04_1_1_RFP_003.tif"
374,"C2_04_1_1_RFP_004.tif"
414,"C2_04_1_1_RFP_005.tif"
403,"C2_04_1_1_RFP_006.tif"
429,"C2_04_1_1_RFP_007.tif"
425,"C2_04_1_1_RFP_008.tif"
410,"C2_04_1_1_RFP_009.tif"
403,"C2_04_1_1_RFP_010.tif"
324,"C20_04_1_1_RFP_001.tif"
305,"C20_04_1_1_RFP_002.tif"
318,"C20_04_1_1_RFP_003.tif"
288,"C20_04_1_1_RFP_004.tif"
362,"C20_04_1_1_RFP_005.tif"
519,"C20_04_1_1_RFP_006.tif"
632,"C20_04_1_1_RFP_007.tif"
913,"C20_04_1_1_RFP_008.tif"
1136,"C20_04_1_1_RFP_009.tif"
1292,"C20_04_1_1_RFP_010.tif"
336,"C21_04_1_1_RFP_001.tif"
348,"C21_04_1_1_RFP_002.tif"
374,"C21_04_1_1_RFP_003.tif"
394,"C21_04_1_1_RFP_004.tif"
449,"C21_04_1_1_RFP_005.tif"
638,"C21_04_1_1_RFP_006.tif"
807,"C21_04_1_1_RFP_007.tif"
1095,"C21_04_1_1_RFP_008.tif"
1234,"C21_04_1_1_RFP_009.tif"
1387,"C21_04_1_1_RFP_010.tif"
76,"C3_04_1_1_RFP_001.tif"
242,"C3_04_1_1_RFP_002.tif"
331,"C3_04_1_1_RFP_003.tif"
386,"C3_04_1_1_RFP_004.tif"
463,"C3_04_1_1_RFP_005.tif"
480,"C3_04_1_1_RFP_006.tif"
532,"C3_04_1_1_RFP_007.tif"
526,"C3_04_1_1_RFP_008.tif"
541,"C3_04_1_1_RFP_009.tif"
526,"C3_04_1_1_RFP_010.tif"
93,"C4_04_1_1_RFP_001.tif"
229,"C4_04_1_1_RFP_002.tif"
288,"C4_04_1_1_RFP_003.tif"
318,"C4_04_1_1_RFP_004.tif"
372,"C4_04_1_1_RFP_005.tif"
405,"C4_04_1_1_RFP_006.tif"
499,"C4_04_1_1_RFP_007.tif"
505,"C4_04_1_1_RFP_008.tif"
592,"C4_04_1_1_RFP_009.tif"
539,"C4_04_1_1_RFP_010.tif"
118,"C5_04_1_1_RFP_001.tif"
274,"C5_04_1_1_RFP_002.tif"
320,"C5_04_1_1_RFP_003.tif"
352,"C5_04_1_1_RFP_004.tif"
419,"C5_04_1_1_RFP_005.tif"
568,"C5_04_1_1_RFP_006.tif"
663,"C5_04_1_1_RFP_007.tif"
696,"C5_04_1_1_RFP_008.tif"
608,"C5_04_1_1_RFP_009.tif"
654,"C5_04_1_1_RFP_010.tif"
128,"C6_04_1_1_RFP_001.tif"
300,"C6_04_1_1_RFP_002.tif"
380,"C6_04_1_1_RFP_003.tif"
413,"C6_04_1_1_RFP_004.tif"
451,"C6_04_1_1_RFP_005.tif"
557,"C6_04_1_1_RFP_006.tif"
623,"C6_04_1_1_RFP_007.tif"
674,"C6_04_1_1_RFP_008.tif"
658,"C6_04_1_1_RFP_009.tif"
649,"C6_04_1_1_RFP_010.tif"
161,"C7_04_1_1_RFP_001.tif"
226,"C7_04_1_1_RFP_002.tif"
276,"C7_04_1_1_RFP_003.tif"
294,"C7_04_1_1_RFP_004.tif"
351,"C7_04_1_1_RFP_005.tif"
369,"C7_04_1_1_RFP_006.tif"
522,"C7_04_1_1_RFP_007.tif"
695,"C7_04_1_1_RFP_008.tif"
789,"C7_04_1_1_RFP_009.tif"
903,"C7_04_1_1_RFP_010.tif"
154,"C8_04_1_1_RFP_001.tif"
232,"C8_04_1_1_RFP_002.tif"
253,"C8_04_1_1_RFP_003.tif"
261,"C8_04_1_1_RFP_004.tif"
280,"C8_04_1_1_RFP_005.tif"
347,"C8_04_1_1_RFP_006.tif"
428,"C8_04_1_1_RFP_007.tif"
552,"C8_04_1_1_RFP_008.tif"
669,"C8_04_1_1_RFP_009.tif"
828,"C8_04_1_1_RFP_010.tif"
234,"C9_04_1_1_RFP_001.tif"
206,"C9_04_1_1_RFP_002.tif"
270,"C9_04_1_1_RFP_003.tif"
262,"C9_04_1_1_RFP_004.tif"
265,"C9_04_1_1_RFP_005.tif"
392,"C9_04_1_1_RFP_006.tif"
606,"C9_04_1_1_RFP_007.tif"
745,"C9_04_1_1_RFP_008.tif"
787,"C9_04_1_1_RFP_009.tif"
946,"C9_04_1_1_RFP_010.tif"
207,"D10_04_1_1_RFP_001.tif"
285,"D10_04_1_1_RFP_002.tif"
296,"D10_04_1_1_RFP_003.tif"
324,"D10_04_1_1_RFP_004.tif"
321,"D10_04_1_1_RFP_005.tif"
379,"D10_04_1_1_RFP_006.tif"
424,"D10_04_1_1_RFP_007.tif"
586,"D10_04_1_1_RFP_008.tif"
694,"D10_04_1_1_RFP_009.tif"
826,"D10_04_1_1_RFP_010.tif"
261,"D11_04_1_1_RFP_001.tif"
403,"D11_04_1_1_RFP_002.tif"
460,"D11_04_1_1_RFP_003.tif"
479,"D11_04_1_1_RFP_004.tif"
515,"D11_04_1_1_RFP_005.tif"
604,"D11_04_1_1_RFP_006.tif"
664,"D11_04_1_1_RFP_007.tif"
805,"D11_04_1_1_RFP_008.tif"
993,"D11_04_1_1_RFP_009.tif"
1234,"D11_04_1_1_RFP_010.tif"
369,"D12_04_1_1_RFP_001.tif"
417,"D12_04_1_1_RFP_002.tif"
493,"D12_04_1_1_RFP_003.tif"
484,"D12_04_1_1_RFP_004.tif"
539,"D12_04_1_1_RFP_005.tif"
595,"D12_04_1_1_RFP_006.tif"
634,"D12_04_1_1_RFP_007.tif"
664,"D12_04_1_1_RFP_008.tif"
717,"D12_04_1_1_RFP_009.tif"
722,"D12_04_1_1_RFP_010.tif"
381,"D13_04_1_1_RFP_001.tif"
393,"D13_04_1_1_RFP_002.tif"
415,"D13_04_1_1_RFP_003.tif"
431,"D13_04_1_1_RFP_004.tif"
465,"D13_04_1_1_RFP_005.tif"
538,"D13_04_1_1_RFP_006.tif"
634,"D13_04_1_1_RFP_007.tif"
751,"D13_04_1_1_RFP_008.tif"
766,"D13_04_1_1_RFP_009.tif"
848,"D13_04_1_1_RFP_010.tif"
399,"D14_04_1_1_RFP_001.tif"
423,"D14_04_1_1_RFP_002.tif"
445,"D14_04_1_1_RFP_003.tif"
432,"D14_04_1_1_RFP_004.tif"
454,"D14_04_1_1_RFP_005.tif"
580,"D14_04_1_1_RFP_006.tif"
694,"D14_04_1_1_RFP_007.tif"
768,"D14_04_1_1_RFP_008.tif"
847,"D14_04_1_1_RFP_009.tif"
824,"D14_04_1_1_RFP_010.tif"
400,"D15_04_1_1_RFP_001.tif"
346,"D15_04_1_1_RFP_002.tif"
357,"D15_04_1_1_RFP_003.tif"
386,"D15_04_1_1_RFP_004.tif"
398,"D15_04_1_1_RFP_005.tif"
469,"D15_04_1_1_RFP_006.tif"
563,"D15_04_1_1_RFP_007.tif"
643,"D15_04_1_1_RFP_008.tif"
700,"D15_04_1_1_RFP_009.tif"
750,"D15_04_1_1_RFP_010.tif"
365,"D16_04_1_1_RFP_001.tif"
370,"D16_04_1_1_RFP_002.tif"
379,"D16_04_1_1_RFP_003.tif"
380,"D16_04_1_1_RFP_004.tif"
366,"D16_04_1_1_RFP_005.tif"
496,"D16_04_1_1_RFP_006.tif"
574,"D16_04_1_1_RFP_007.tif"
746,"D16_04_1_1_RFP_008.tif"
815,"D16_04_1_1_RFP_009.tif"
914,"D16_04_1_1_RFP_010.tif"
468,"D17_04_1_1_RFP_001.tif"
500,"D17_04_1_1_RFP_002.tif"
549,"D17_04_1_1_RFP_003.tif"
543,"D17_04_1_1_RFP_004.tif"
584,"D17_04_1_1_RFP_005.tif"
647,"D17_04_1_1_RFP_006.tif"
841,"D17_04_1_1_RFP_007.tif"
960,"D17_04_1_1_RFP_008.tif"
1085,"D17_04_1_1_RFP_009.tif"
1267,"D17_04_1_1_RFP_010.tif"
359,"D18_04_1_1_RFP_001.tif"
383,"D18_04_1_1_RFP_002.tif"
437,"D18_04_1_1_RFP_003.tif"
456,"D18_04_1_1_RFP_004.tif"
479,"D18_04_1_1_RFP_005.tif"
580,"D18_04_1_1_RFP_006.tif"
662,"D18_04_1_1_RFP_007.tif"
880,"D18_04_1_1_RFP_008.tif"
898,"D18_04_1_1_RFP_009.tif"
1051,"D18_04_1_1_RFP_010.tif"
450,"D19_04_1_1_RFP_001.tif"
438,"D19_04_1_1_RFP_002.tif"
477,"D19_04_1_1_RFP_003.tif"
500,"D19_04_1_1_RFP_004.tif"
496,"D19_04_1_1_RFP_005.tif"
658,"D19_04_1_1_RFP_006.tif"
798,"D19_04_1_1_RFP_007.tif"
1047,"D19_04_1_1_RFP_008.tif"
1119,"D19_04_1_1_RFP_009.tif"
1365,"D19_04_1_1_RFP_010.tif"
64,"D2_04_1_1_RFP_001.tif"
350,"D2_04_1_1_RFP_002.tif"
406,"D2_04_1_1_RFP_003.tif"
417,"D2_04_1_1_RFP_004.tif"
419,"D2_04_1_1_RFP_005.tif"
452,"D2_04_1_1_RFP_006.tif"
494,"D2_04_1_1_RFP_007.tif"
537,"D2_04_1_1_RFP_008.tif"
509,"D2_04_1_1_RFP_009.tif"
486,"D2_04_1_1_RFP_010.tif"
423,"D20_04_1_1_RFP_001.tif"
409,"D20_04_1_1_RFP_002.tif"
472,"D20_04_1_1_RFP_003.tif"
469,"D20_04_1_1_RFP_004.tif"
490,"D20_04_1_1_RFP_005.tif"
607,"D20_04_1_1_RFP_006.tif"
770,"D20_04_1_1_RFP_007.tif"
997,"D20_04_1_1_RFP_008.tif"
1056,"D20_04_1_1_RFP_009.tif"
1186,"D20_04_1_1_RFP_010.tif"
359,"D21_04_1_1_RFP_001.tif"
353,"D21_04_1_1_RFP_002.tif"
377,"D21_04_1_1_RFP_003.tif"
422,"D21_04_1_1_RFP_004.tif"
450,"D21_04_1_1_RFP_005.tif"
654,"D21_04_1_1_RFP_006.tif"
770,"D21_04_1_1_RFP_007.tif"
1021,"D21_04_1_1_RFP_008.tif"
1144,"D21_04_1_1_RFP_009.tif"
1339,"D21_04_1_1_RFP_010.tif"
81,"D3_04_1_1_RFP_001.tif"
287,"D3_04_1_1_RFP_002.tif"
346,"D3_04_1_1_RFP_003.tif"
366,"D3_04_1_1_RFP_004.tif"
415,"D3_04_1_1_RFP_005.tif"
475,"D3_04_1_1_RFP_006.tif"
545,"D3_04_1_1_RFP_007.tif"
592,"D3_04_1_1_RFP_008.tif"
538,"D3_04_1_1_RFP_009.tif"
541,"D3_04_1_1_RFP_010.tif"
95,"D4_04_1_1_RFP_001.tif"
255,"D4_04_1_1_RFP_002.tif"
294,"D4_04_1_1_RFP_003.tif"
319,"D4_04_1_1_RFP_004.tif"
387,"D4_04_1_1_RFP_005.tif"
491,"D4_04_1_1_RFP_006.tif"
552,"D4_04_1_1_RFP_007.tif"
617,"D4_04_1_1_RFP_008.tif"
604,"D4_04_1_1_RFP_009.tif"
626,"D4_04_1_1_RFP_010.tif"
157,"D5_04_1_1_RFP_001.tif"
274,"D5_04_1_1_RFP_002.tif"
384,"D5_04_1_1_RFP_003.tif"
442,"D5_04_1_1_RFP_004.tif"
514,"D5_04_1_1_RFP_005.tif"
618,"D5_04_1_1_RFP_006.tif"
693,"D5_04_1_1_RFP_007.tif"
699,"D5_04_1_1_RFP_008.tif"
707,"D5_04_1_1_RFP_009.tif"
773,"D5_04_1_1_RFP_010.tif"
178,"D6_04_1_1_RFP_001.tif"
429,"D6_04_1_1_RFP_002.tif"
569,"D6_04_1_1_RFP_003.tif"
584,"D6_04_1_1_RFP_004.tif"
625,"D6_04_1_1_RFP_005.tif"
762,"D6_04_1_1_RFP_006.tif"
821,"D6_04_1_1_RFP_007.tif"
872,"D6_04_1_1_RFP_008.tif"
842,"D6_04_1_1_RFP_009.tif"
810,"D6_04_1_1_RFP_010.tif"
156,"D7_04_1_1_RFP_001.tif"
239,"D7_04_1_1_RFP_002.tif"
274,"D7_04_1_1_RFP_003.tif"
295,"D7_04_1_1_RFP_004.tif"
326,"D7_04_1_1_RFP_005.tif"
405,"D7_04_1_1_RFP_006.tif"
487,"D7_04_1_1_RFP_007.tif"
644,"D7_04_1_1_RFP_008.tif"
736,"D7_04_1_1_RFP_009.tif"
874,"D7_04_1_1_RFP_010.tif"
188,"D8_04_1_1_RFP_001.tif"
368,"D8_04_1_1_RFP_002.tif"
333,"D8_04_1_1_RFP_003.tif"
343,"D8_04_1_1_RFP_004.tif"
377,"D8_04_1_1_RFP_005.tif"
433,"D8_04_1_1_RFP_006.tif"
556,"D8_04_1_1_RFP_007.tif"
667,"D8_04_1_1_RFP_008.tif"
790,"D8_04_1_1_RFP_009.tif"
902,"D8_04_1_1_RFP_010.tif"
267,"D9_04_1_1_RFP_001.tif"
352,"D9_04_1_1_RFP_002.tif"
365,"D9_04_1_1_RFP_003.tif"
390,"D9_04_1_1_RFP_004.tif"
426,"D9_04_1_1_RFP_005.tif"
501,"D9_04_1_1_RFP_006.tif"
574,"D9_04_1_1_RFP_007.tif"
715,"D9_04_1_1_RFP_008.tif"
795,"D9_04_1_1_RFP_009.tif"
1036,"D9_04_1_1_RFP_010.tif"
175,"E10_04_1_1_RFP_001.tif"
261,"E10_04_1_1_RFP_002.tif"
303,"E10_04_1_1_RFP_003.tif"
328,"E10_04_1_1_RFP_004.tif"
354,"E10_04_1_1_RFP_005.tif"
400,"E10_04_1_1_RFP_006.tif"
489,"E10_04_1_1_RFP_007.tif"
569,"E10_04_1_1_RFP_008.tif"
689,"E10_04_1_1_RFP_009.tif"
724,"E10_04_1_1_RFP_010.tif"
216,"E11_04_1_1_RFP_001.tif"
378,"E11_04_1_1_RFP_002.tif"
361,"E11_04_1_1_RFP_003.tif"
420,"E11_04_1_1_RFP_004.tif"
450,"E11_04_1_1_RFP_005.tif"
524,"E11_04_1_1_RFP_006.tif"
630,"E11_04_1_1_RFP_007.tif"
720,"E11_04_1_1_RFP_008.tif"
871,"E11_04_1_1_RFP_009.tif"
983,"E11_04_1_1_RFP_010.tif"
340,"E12_04_1_1_RFP_001.tif"
358,"E12_04_1_1_RFP_002.tif"
407,"E12_04_1_1_RFP_003.tif"
420,"E12_04_1_1_RFP_004.tif"
442,"E12_04_1_1_RFP_005.tif"
504,"E12_04_1_1_RFP_006.tif"
583,"E12_04_1_1_RFP_007.tif"
683,"E12_04_1_1_RFP_008.tif"
750,"E12_04_1_1_RFP_009.tif"
772,"E12_04_1_1_RFP_010.tif"
350,"E13_04_1_1_RFP_001.tif"
341,"E13_04_1_1_RFP_002.tif"
320,"E13_04_1_1_RFP_003.tif"
363,"E13_04_1_1_RFP_004.tif"
375,"E13_04_1_1_RFP_005.tif"
445,"E13_04_1_1_RFP_006.tif"
497,"E13_04_1_1_RFP_007.tif"
601,"E13_04_1_1_RFP_008.tif"
683,"E13_04_1_1_RFP_009.tif"
726,"E13_04_1_1_RFP_010.tif"
343,"E14_04_1_1_RFP_001.tif"
357,"E14_04_1_1_RFP_002.tif"
330,"E14_04_1_1_RFP_003.tif"
349,"E14_04_1_1_RFP_004.tif"
338,"E14_04_1_1_RFP_005.tif"
423,"E14_04_1_1_RFP_006.tif"
496,"E14_04_1_1_RFP_007.tif"
595,"E14_04_1_1_RFP_008.tif"
713,"E14_04_1_1_RFP_009.tif"
853,"E14_04_1_1_RFP_010.tif"
406,"E15_04_1_1_RFP_001.tif"
397,"E15_04_1_1_RFP_002.tif"
377,"E15_04_1_1_RFP_003.tif"
426,"E15_04_1_1_RFP_004.tif"
444,"E15_04_1_1_RFP_005.tif"
502,"E15_04_1_1_RFP_006.tif"
583,"E15_04_1_1_RFP_007.tif"
689,"E15_04_1_1_RFP_008.tif"
776,"E15_04_1_1_RFP_009.tif"
859,"E15_04_1_1_RFP_010.tif"
362,"E16_04_1_1_RFP_001.tif"
383,"E16_04_1_1_RFP_002.tif"
338,"E16_04_1_1_RFP_003.tif"
367,"E16_04_1_1_RFP_004.tif"
377,"E16_04_1_1_RFP_005.tif"
439,"E16_04_1_1_RFP_006.tif"
506,"E16_04_1_1_RFP_007.tif"
598,"E16_04_1_1_RFP_008.tif"
658,"E16_04_1_1_RFP_009.tif"
702,"E16_04_1_1_RFP_010.tif"
422,"E17_04_1_1_RFP_001.tif"
381,"E17_04_1_1_RFP_002.tif"
391,"E17_04_1_1_RFP_003.tif"
403,"E17_04_1_1_RFP_004.tif"
437,"E17_04_1_1_RFP_005.tif"
526,"E17_04_1_1_RFP_006.tif"
605,"E17_04_1_1_RFP_007.tif"
657,"E17_04_1_1_RFP_008.tif"
744,"E17_04_1_1_RFP_009.tif"
771,"E17_04_1_1_RFP_010.tif"
412,"E18_04_1_1_RFP_001.tif"
384,"E18_04_1_1_RFP_002.tif"
353,"E18_04_1_1_RFP_003.tif"
383,"E18_04_1_1_RFP_004.tif"
398,"E18_04_1_1_RFP_005.tif"
480,"E18_04_1_1_RFP_006.tif"
545,"E18_04_1_1_RFP_007.tif"
675,"E18_04_1_1_RFP_008.tif"
766,"E18_04_1_1_RFP_009.tif"
805,"E18_04_1_1_RFP_010.tif"
374,"E19_04_1_1_RFP_001.tif"
349,"E19_04_1_1_RFP_002.tif"
350,"E19_04_1_1_RFP_003.tif"
415,"E19_04_1_1_RFP_004.tif"
434,"E19_04_1_1_RFP_005.tif"
511,"E19_04_1_1_RFP_006.tif"
630,"E19_04_1_1_RFP_007.tif"
743,"E19_04_1_1_RFP_008.tif"
965,"E19_04_1_1_RFP_009.tif"
1031,"E19_04_1_1_RFP_010.tif"
50,"E2_04_1_1_RFP_001.tif"
118,"E2_04_1_1_RFP_002.tif"
140,"E2_04_1_1_RFP_003.tif"
159,"E2_04_1_1_RFP_004.tif"
180,"E2_04_1_1_RFP_005.tif"
222,"E2_04_1_1_RFP_006.tif"
283,"E2_04_1_1_RFP_007.tif"
335,"E2_04_1_1_RFP_008.tif"
306,"E2_04_1_1_RFP_009.tif"
323,"E2_04_1_1_RFP_010.tif"
405,"E20_04_1_1_RFP_001.tif"
388,"E20_04_1_1_RFP_002.tif"
387,"E20_04_1_1_RFP_003.tif"
431,"E20_04_1_1_RFP_004.tif"
474,"E20_04_1_1_RFP_005.tif"
578,"E20_04_1_1_RFP_006.tif"
732,"E20_04_1_1_RFP_007.tif"
993,"E20_04_1_1_RFP_008.tif"
1246,"E20_04_1_1_RFP_009.tif"
1404,"E20_04_1_1_RFP_010.tif"
458,"E21_04_1_1_RFP_001.tif"
409,"E21_04_1_1_RFP_002.tif"
478,"E21_04_1_1_RFP_003.tif"
498,"E21_04_1_1_RFP_004.tif"
534,"E21_04_1_1_RFP_005.tif"
679,"E21_04_1_1_RFP_006.tif"
841,"E21_04_1_1_RFP_007.tif"
1156,"E21_04_1_1_RFP_008.tif"
1290,"E21_04_1_1_RFP_009.tif"
1481,"E21_04_1_1_RFP_010.tif"
95,"E3_04_1_1_RFP_001.tif"
173,"E3_04_1_1_RFP_002.tif"
207,"E3_04_1_1_RFP_003.tif"
228,"E3_04_1_1_RFP_004.tif"
309,"E3_04_1_1_RFP_005.tif"
358,"E3_04_1_1_RFP_006.tif"
393,"E3_04_1_1_RFP_007.tif"
437,"E3_04_1_1_RFP_008.tif"
491,"E3_04_1_1_RFP_009.tif"
477,"E3_04_1_1_RFP_010.tif"
103,"E4_04_1_1_RFP_001.tif"
207,"E4_04_1_1_RFP_002.tif"
252,"E4_04_1_1_RFP_003.tif"
256,"E4_04_1_1_RFP_004.tif"
308,"E4_04_1_1_RFP_005.tif"
432,"E4_04_1_1_RFP_006.tif"
514,"E4_04_1_1_RFP_007.tif"
538,"E4_04_1_1_RFP_008.tif"
582,"E4_04_1_1_RFP_009.tif"
516,"E4_04_1_1_RFP_010.tif"
140,"E5_04_1_1_RFP_001.tif"
258,"E5_04_1_1_RFP_002.tif"
342,"E5_04_1_1_RFP_003.tif"
383,"E5_04_1_1_RFP_004.tif"
435,"E5_04_1_1_RFP_005.tif"
564,"E5_04_1_1_RFP_006.tif"
587,"E5_04_1_1_RFP_007.tif"
578,"E5_04_1_1_RFP_008.tif"
586,"E5_04_1_1_RFP_009.tif"
610,"E5_04_1_1_RFP_010.tif"
172,"E6_04_1_1_RFP_001.tif"
377,"E6_04_1_1_RFP_002.tif"
497,"E6_04_1_1_RFP_003.tif"
524,"E6_04_1_1_RFP_004.tif"
611,"E6_04_1_1_RFP_005.tif"
759,"E6_04_1_1_RFP_006.tif"
719,"E6_04_1_1_RFP_007.tif"
737,"E6_04_1_1_RFP_008.tif"
727,"E6_04_1_1_RFP_009.tif"
710,"E6_04_1_1_RFP_010.tif"
177,"E7_04_1_1_RFP_001.tif"
384,"E7_04_1_1_RFP_002.tif"
483,"E7_04_1_1_RFP_003.tif"
529,"E7_04_1_1_RFP_004.tif"
681,"E7_04_1_1_RFP_005.tif"
687,"E7_04_1_1_RFP_006.tif"
777,"E7_04_1_1_RFP_007.tif"
805,"E7_04_1_1_RFP_008.tif"
765,"E7_04_1_1_RFP_009.tif"
748,"E7_04_1_1_RFP_010.tif"
169,"E8_04_1_1_RFP_001.tif"
375,"E8_04_1_1_RFP_002.tif"
468,"E8_04_1_1_RFP_003.tif"
502,"E8_04_1_1_RFP_004.tif"
591,"E8_04_1_1_RFP_005.tif"
726,"E8_04_1_1_RFP_006.tif"
774,"E8_04_1_1_RFP_007.tif"
752,"E8_04_1_1_RFP_008.tif"
796,"E8_04_1_1_RFP_009.tif"
783,"E8_04_1_1_RFP_010.tif"
209,"E9_04_1_1_RFP_001.tif"
366,"E9_04_1_1_RFP_002.tif"
414,"E9_04_1_1_RFP_003.tif"
438,"E9_04_1_1_RFP_004.tif"
511,"E9_04_1_1_RFP_005.tif"
576,"E9_04_1_1_RFP_006.tif"
657,"E9_04_1_1_RFP_007.tif"
758,"E9_04_1_1_RFP_008.tif"
783,"E9_04_1_1_RFP_009.tif"
862,"E9_04_1_1_RFP_010.tif"
170,"F10_04_1_1_RFP_001.tif"
263,"F10_04_1_1_RFP_002.tif"
317,"F10_04_1_1_RFP_003.tif"
309,"F10_04_1_1_RFP_004.tif"
342,"F10_04_1_1_RFP_005.tif"
410,"F10_04_1_1_RFP_006.tif"
481,"F10_04_1_1_RFP_007.tif"
598,"F10_04_1_1_RFP_008.tif"
682,"F10_04_1_1_RFP_009.tif"
811,"F10_04_1_1_RFP_010.tif"
227,"F11_04_1_1_RFP_001.tif"
315,"F11_04_1_1_RFP_002.tif"
356,"F11_04_1_1_RFP_003.tif"
371,"F11_04_1_1_RFP_004.tif"
388,"F11_04_1_1_RFP_005.tif"
480,"F11_04_1_1_RFP_006.tif"
592,"F11_04_1_1_RFP_007.tif"
691,"F11_04_1_1_RFP_008.tif"
752,"F11_04_1_1_RFP_009.tif"
944,"F11_04_1_1_RFP_010.tif"
356,"F12_04_1_1_RFP_001.tif"
428,"F12_04_1_1_RFP_002.tif"
457,"F12_04_1_1_RFP_003.tif"
473,"F12_04_1_1_RFP_004.tif"
500,"F12_04_1_1_RFP_005.tif"
563,"F12_04_1_1_RFP_006.tif"
645,"F12_04_1_1_RFP_007.tif"
752,"F12_04_1_1_RFP_008.tif"
801,"F12_04_1_1_RFP_009.tif"
803,"F12_04_1_1_RFP_010.tif"
314,"F13_04_1_1_RFP_001.tif"
426,"F13_04_1_1_RFP_002.tif"
395,"F13_04_1_1_RFP_003.tif"
410,"F13_04_1_1_RFP_004.tif"
466,"F13_04_1_1_RFP_005.tif"
514,"F13_04_1_1_RFP_006.tif"
629,"F13_04_1_1_RFP_007.tif"
649,"F13_04_1_1_RFP_008.tif"
680,"F13_04_1_1_RFP_009.tif"
705,"F13_04_1_1_RFP_010.tif"
417,"F14_04_1_1_RFP_001.tif"
397,"F14_04_1_1_RFP_002.tif"
431,"F14_04_1_1_RFP_003.tif"
427,"F14_04_1_1_RFP_004.tif"
436,"F14_04_1_1_RFP_005.tif"
486,"F14_04_1_1_RFP_006.tif"
566,"F14_04_1_1_RFP_007.tif"
652,"F14_04_1_1_RFP_008.tif"
736,"F14_04_1_1_RFP_009.tif"
809,"F14_04_1_1_RFP_010.tif"
359,"F15_04_1_1_RFP_001.tif"
372,"F15_04_1_1_RFP_002.tif"
381,"F15_04_1_1_RFP_003.tif"
399,"F15_04_1_1_RFP_004.tif"
404,"F15_04_1_1_RFP_005.tif"
432,"F15_04_1_1_RFP_006.tif"
501,"F15_04_1_1_RFP_007.tif"
607,"F15_04_1_1_RFP_008.tif"
651,"F15_04_1_1_RFP_009.tif"
690,"F15_04_1_1_RFP_010.tif"
388,"F16_04_1_1_RFP_001.tif"
402,"F16_04_1_1_RFP_002.tif"
404,"F16_04_1_1_RFP_003.tif"
388,"F16_04_1_1_RFP_004.tif"
412,"F16_04_1_1_RFP_005.tif"
502,"F16_04_1_1_RFP_006.tif"
563,"F16_04_1_1_RFP_007.tif"
675,"F16_04_1_1_RFP_008.tif"
707,"F16_04_1_1_RFP_009.tif"
752,"F16_04_1_1_RFP_010.tif"
422,"F17_04_1_1_RFP_001.tif"
382,"F17_04_1_1_RFP_002.tif"
408,"F17_04_1_1_RFP_003.tif"
390,"F17_04_1_1_RFP_004.tif"
395,"F17_04_1_1_RFP_005.tif"
474,"F17_04_1_1_RFP_006.tif"
583,"F17_04_1_1_RFP_007.tif"
667,"F17_04_1_1_RFP_008.tif"
697,"F17_04_1_1_RFP_009.tif"
812,"F17_04_1_1_RFP_010.tif"
489,"F18_04_1_1_RFP_001.tif"
401,"F18_04_1_1_RFP_002.tif"
467,"F18_04_1_1_RFP_003.tif"
452,"F18_04_1_1_RFP_004.tif"
483,"F18_04_1_1_RFP_005.tif"
554,"F18_04_1_1_RFP_006.tif"
576,"F18_04_1_1_RFP_007.tif"
696,"F18_04_1_1_RFP_008.tif"
769,"F18_04_1_1_RFP_009.tif"
792,"F18_04_1_1_RFP_010.tif"
394,"F19_04_1_1_RFP_001.tif"
366,"F19_04_1_1_RFP_002.tif"
408,"F19_04_1_1_RFP_003.tif"
415,"F19_04_1_1_RFP_004.tif"
442,"F19_04_1_1_RFP_005.tif"
612,"F19_04_1_1_RFP_006.tif"
685,"F19_04_1_1_RFP_007.tif"
855,"F19_04_1_1_RFP_008.tif"
913,"F19_04_1_1_RFP_009.tif"
1075,"F19_04_1_1_RFP_010.tif"
52,"F2_04_1_1_RFP_001.tif"
98,"F2_04_1_1_RFP_002.tif"
121,"F2_04_1_1_RFP_003.tif"
134,"F2_04_1_1_RFP_004.tif"
159,"F2_04_1_1_RFP_005.tif"
251,"F2_04_1_1_RFP_006.tif"
292,"F2_04_1_1_RFP_007.tif"
336,"F2_04_1_1_RFP_008.tif"
318,"F2_04_1_1_RFP_009.tif"
353,"F2_04_1_1_RFP_010.tif"
363,"F20_04_1_1_RFP_001.tif"
351,"F20_04_1_1_RFP_002.tif"
445,"F20_04_1_1_RFP_003.tif"
403,"F20_04_1_1_RFP_004.tif"
436,"F20_04_1_1_RFP_005.tif"
588,"F20_04_1_1_RFP_006.tif"
766,"F20_04_1_1_RFP_007.tif"
931,"F20_04_1_1_RFP_008.tif"
1124,"F20_04_1_1_RFP_009.tif"
1183,"F20_04_1_1_RFP_010.tif"
309,"F21_04_1_1_RFP_001.tif"
377,"F21_04_1_1_RFP_002.tif"
374,"F21_04_1_1_RFP_003.tif"
404,"F21_04_1_1_RFP_004.tif"
465,"F21_04_1_1_RFP_005.tif"
549,"F21_04_1_1_RFP_006.tif"
643,"F21_04_1_1_RFP_007.tif"
911,"F21_04_1_1_RFP_008.tif"
945,"F21_04_1_1_RFP_009.tif"
1041,"F21_04_1_1_RFP_010.tif"
84,"F3_04_1_1_RFP_001.tif"
162,"F3_04_1_1_RFP_002.tif"
177,"F3_04_1_1_RFP_003.tif"
175,"F3_04_1_1_RFP_004.tif"
207,"F3_04_1_1_RFP_005.tif"
246,"F3_04_1_1_RFP_006.tif"
298,"F3_04_1_1_RFP_007.tif"
333,"F3_04_1_1_RFP_008.tif"
327,"F3_04_1_1_RFP_009.tif"
343,"F3_04_1_1_RFP_010.tif"
125,"F4_04_1_1_RFP_001.tif"
233,"F4_04_1_1_RFP_002.tif"
270,"F4_04_1_1_RFP_003.tif"
270,"F4_04_1_1_RFP_004.tif"
332,"F4_04_1_1_RFP_005.tif"
363,"F4_04_1_1_RFP_006.tif"
458,"F4_04_1_1_RFP_007.tif"
500,"F4_04_1_1_RFP_008.tif"
530,"F4_04_1_1_RFP_009.tif"
550,"F4_04_1_1_RFP_010.tif"
154,"F5_04_1_1_RFP_001.tif"
316,"F5_04_1_1_RFP_002.tif"
409,"F5_04_1_1_RFP_003.tif"
430,"F5_04_1_1_RFP_004.tif"
493,"F5_04_1_1_RFP_005.tif"
539,"F5_04_1_1_RFP_006.tif"
560,"F5_04_1_1_RFP_007.tif"
587,"F5_04_1_1_RFP_008.tif"
611,"F5_04_1_1_RFP_009.tif"
658,"F5_04_1_1_RFP_010.tif"
189,"F6_04_1_1_RFP_001.tif"
398,"F6_04_1_1_RFP_002.tif"
564,"F6_04_1_1_RFP_003.tif"
603,"F6_04_1_1_RFP_004.tif"
624,"F6_04_1_1_RFP_005.tif"
747,"F6_04_1_1_RFP_006.tif"
775,"F6_04_1_1_RFP_007.tif"
778,"F6_04_1_1_RFP_008.tif"
813,"F6_04_1_1_RFP_009.tif"
773,"F6_04_1_1_RFP_010.tif"
232,"F7_04_1_1_RFP_001.tif"
471,"F7_04_1_1_RFP_002.tif"
625,"F7_04_1_1_RFP_003.tif"
657,"F7_04_1_1_RFP_004.tif"
716,"F7_04_1_1_RFP_005.tif"
852,"F7_04_1_1_RFP_006.tif"
898,"F7_04_1_1_RFP_007.tif"
892,"F7_04_1_1_RFP_008.tif"
808,"F7_04_1_1_RFP_009.tif"
825,"F7_04_1_1_RFP_010.tif"
206,"F8_04_1_1_RFP_001.tif"
369,"F8_04_1_1_RFP_002.tif"
506,"F8_04_1_1_RFP_003.tif"
504,"F8_04_1_1_RFP_004.tif"
531,"F8_04_1_1_RFP_005.tif"
658,"F8_04_1_1_RFP_006.tif"
831,"F8_04_1_1_RFP_007.tif"
837,"F8_04_1_1_RFP_008.tif"
858,"F8_04_1_1_RFP_009.tif"
878,"F8_04_1_1_RFP_010.tif"
190,"F9_04_1_1_RFP_001.tif"
315,"F9_04_1_1_RFP_002.tif"
402,"F9_04_1_1_RFP_003.tif"
427,"F9_04_1_1_RFP_004.tif"
478,"F9_04_1_1_RFP_005.tif"
531,"F9_04_1_1_RFP_006.tif"
616,"F9_04_1_1_RFP_007.tif"
798,"F9_04_1_1_RFP_008.tif"
828,"F9_04_1_1_RFP_009.tif"
926,"F9_04_1_1_RFP_010.tif"
192,"G10_04_1_1_RFP_001.tif"
292,"G10_04_1_1_RFP_002.tif"
317,"G10_04_1_1_RFP_003.tif"
359,"G10_04_1_1_RFP_004.tif"
390,"G10_04_1_1_RFP_005.tif"
517,"G10_04_1_1_RFP_006.tif"
595,"G10_04_1_1_RFP_007.tif"
584,"G10_04_1_1_RFP_008.tif"
721,"G10_04_1_1_RFP_009.tif"
765,"G10_04_1_1_RFP_010.tif"
207,"G11_04_1_1_RFP_001.tif"
286,"G11_04_1_1_RFP_002.tif"
310,"G11_04_1_1_RFP_003.tif"
336,"G11_04_1_1_RFP_004.tif"
382,"G11_04_1_1_RFP_005.tif"
448,"G11_04_1_1_RFP_006.tif"
524,"G11_04_1_1_RFP_007.tif"
570,"G11_04_1_1_RFP_008.tif"
699,"G11_04_1_1_RFP_009.tif"
789,"G11_04_1_1_RFP_010.tif"
341,"G12_04_1_1_RFP_001.tif"
366,"G12_04_1_1_RFP_002.tif"
402,"G12_04_1_1_RFP_003.tif"
441,"G12_04_1_1_RFP_004.tif"
436,"G12_04_1_1_RFP_005.tif"
529,"G12_04_1_1_RFP_006.tif"
616,"G12_04_1_1_RFP_007.tif"
749,"G12_04_1_1_RFP_008.tif"
796,"G12_04_1_1_RFP_009.tif"
861,"G12_04_1_1_RFP_010.tif"
283,"G13_04_1_1_RFP_001.tif"
327,"G13_04_1_1_RFP_002.tif"
315,"G13_04_1_1_RFP_003.tif"
357,"G13_04_1_1_RFP_004.tif"
355,"G13_04_1_1_RFP_005.tif"
440,"G13_04_1_1_RFP_006.tif"
462,"G13_04_1_1_RFP_007.tif"
541,"G13_04_1_1_RFP_008.tif"
603,"G13_04_1_1_RFP_009.tif"
644,"G13_04_1_1_RFP_010.tif"
355,"G14_04_1_1_RFP_001.tif"
375,"G14_04_1_1_RFP_002.tif"
346,"G14_04_1_1_RFP_003.tif"
365,"G14_04_1_1_RFP_004.tif"
388,"G14_04_1_1_RFP_005.tif"
460,"G14_04_1_1_RFP_006.tif"
552,"G14_04_1_1_RFP_007.tif"
676,"G14_04_1_1_RFP_008.tif"
756,"G14_04_1_1_RFP_009.tif"
828,"G14_04_1_1_RFP_010.tif"
340,"G15_04_1_1_RFP_001.tif"
366,"G15_04_1_1_RFP_002.tif"
373,"G15_04_1_1_RFP_003.tif"
392,"G15_04_1_1_RFP_004.tif"
416,"G15_04_1_1_RFP_005.tif"
465,"G15_04_1_1_RFP_006.tif"
540,"G15_04_1_1_RFP_007.tif"
641,"G15_04_1_1_RFP_008.tif"
693,"G15_04_1_1_RFP_009.tif"
779,"G15_04_1_1_RFP_010.tif"
385,"G16_04_1_1_RFP_001.tif"
352,"G16_04_1_1_RFP_002.tif"
331,"G16_04_1_1_RFP_003.tif"
320,"G16_04_1_1_RFP_004.tif"
344,"G16_04_1_1_RFP_005.tif"
402,"G16_04_1_1_RFP_006.tif"
493,"G16_04_1_1_RFP_007.tif"
578,"G16_04_1_1_RFP_008.tif"
667,"G16_04_1_1_RFP_009.tif"
718,"G16_04_1_1_RFP_010.tif"
399,"G17_04_1_1_RFP_001.tif"
357,"G17_04_1_1_RFP_002.tif"
368,"G17_04_1_1_RFP_003.tif"
351,"G17_04_1_1_RFP_004.tif"
349,"G17_04_1_1_RFP_005.tif"
420,"G17_04_1_1_RFP_006.tif"
469,"G17_04_1_1_RFP_007.tif"
567,"G17_04_1_1_RFP_008.tif"
629,"G17_04_1_1_RFP_009.tif"
666,"G17_04_1_1_RFP_010.tif"
381,"G18_04_1_1_RFP_001.tif"
345,"G18_04_1_1_RFP_002.tif"
349,"G18_04_1_1_RFP_003.tif"
380,"G18_04_1_1_RFP_004.tif"
383,"G18_04_1_1_RFP_005.tif"
442,"G18_04_1_1_RFP_006.tif"
496,"G18_04_1_1_RFP_007.tif"
586,"G18_04_1_1_RFP_008.tif"
683,"G18_04_1_1_RFP_009.tif"
753,"G18_04_1_1_RFP_010.tif"
409,"G19_04_1_1_RFP_001.tif"
365,"G19_04_1_1_RFP_002.tif"
374,"G19_04_1_1_RFP_003.tif"
406,"G19_04_1_1_RFP_004.tif"
433,"G19_04_1_1_RFP_005.tif"
554,"G19_04_1_1_RFP_006.tif"
668,"G19_04_1_1_RFP_007.tif"
867,"G19_04_1_1_RFP_008.tif"
1014,"G19_04_1_1_RFP_009.tif"
1134,"G19_04_1_1_RFP_010.tif"
40,"G2_04_1_1_RFP_001.tif"
103,"G2_04_1_1_RFP_002.tif"
140,"G2_04_1_1_RFP_003.tif"
161,"G2_04_1_1_RFP_004.tif"
173,"G2_04_1_1_RFP_005.tif"
268,"G2_04_1_1_RFP_006.tif"
315,"G2_04_1_1_RFP_007.tif"
341,"G2_04_1_1_RFP_008.tif"
348,"G2_04_1_1_RFP_009.tif"
347,"G2_04_1_1_RFP_010.tif"
396,"G20_04_1_1_RFP_001.tif"
335,"G20_04_1_1_RFP_002.tif"
384,"G20_04_1_1_RFP_003.tif"
412,"G20_04_1_1_RFP_004.tif"
453,"G20_04_1_1_RFP_005.tif"
552,"G20_04_1_1_RFP_006.tif"
677,"G20_04_1_1_RFP_007.tif"
889,"G20_04_1_1_RFP_008.tif"
1086,"G20_04_1_1_RFP_009.tif"
1318,"G20_04_1_1_RFP_010.tif"
421,"G21_04_1_1_RFP_001.tif"
436,"G21_04_1_1_RFP_002.tif"
482,"G21_04_1_1_RFP_003.tif"
504,"G21_04_1_1_RFP_004.tif"
538,"G21_04_1_1_RFP_005.tif"
687,"G21_04_1_1_RFP_006.tif"
874,"G21_04_1_1_RFP_007.tif"
1153,"G21_04_1_1_RFP_008.tif"
1265,"G21_04_1_1_RFP_009.tif"
1481,"G21_04_1_1_RFP_010.tif"
91,"G3_04_1_1_RFP_001.tif"
166,"G3_04_1_1_RFP_002.tif"
227,"G3_04_1_1_RFP_003.tif"
254,"G3_04_1_1_RFP_004.tif"
285,"G3_04_1_1_RFP_005.tif"
383,"G3_04_1_1_RFP_006.tif"
434,"G3_04_1_1_RFP_007.tif"
469,"G3_04_1_1_RFP_008.tif"
487,"G3_04_1_1_RFP_009.tif"
526,"G3_04_1_1_RFP_010.tif"
97,"G4_04_1_1_RFP_001.tif"
199,"G4_04_1_1_RFP_002.tif"
279,"G4_04_1_1_RFP_003.tif"
292,"G4_04_1_1_RFP_004.tif"
369,"G4_04_1_1_RFP_005.tif"
457,"G4_04_1_1_RFP_006.tif"
477,"G4_04_1_1_RFP_007.tif"
564,"G4_04_1_1_RFP_008.tif"
608,"G4_04_1_1_RFP_009.tif"
635,"G4_04_1_1_RFP_010.tif"
192,"G5_04_1_1_RFP_001.tif"
363,"G5_04_1_1_RFP_002.tif"
433,"G5_04_1_1_RFP_003.tif"
439,"G5_04_1_1_RFP_004.tif"
511,"G5_04_1_1_RFP_005.tif"
618,"G5_04_1_1_RFP_006.tif"
654,"G5_04_1_1_RFP_007.tif"
726,"G5_04_1_1_RFP_008.tif"
723,"G5_04_1_1_RFP_009.tif"
720,"G5_04_1_1_RFP_010.tif"
151,"G6_04_1_1_RFP_001.tif"
331,"G6_04_1_1_RFP_002.tif"
412,"G6_04_1_1_RFP_003.tif"
422,"G6_04_1_1_RFP_004.tif"
525,"G6_04_1_1_RFP_005.tif"
595,"G6_04_1_1_RFP_006.tif"
598,"G6_04_1_1_RFP_007.tif"
596,"G6_04_1_1_RFP_008.tif"
583,"G6_04_1_1_RFP_009.tif"
573,"G6_04_1_1_RFP_010.tif"
176,"G7_04_1_1_RFP_001.tif"
403,"G7_04_1_1_RFP_002.tif"
479,"G7_04_1_1_RFP_003.tif"
549,"G7_04_1_1_RFP_004.tif"
644,"G7_04_1_1_RFP_005.tif"
736,"G7_04_1_1_RFP_006.tif"
748,"G7_04_1_1_RFP_007.tif"
727,"G7_04_1_1_RFP_008.tif"
731,"G7_04_1_1_RFP_009.tif"
729,"G7_04_1_1_RFP_010.tif"
190,"G8_04_1_1_RFP_001.tif"
380,"G8_04_1_1_RFP_002.tif"
448,"G8_04_1_1_RFP_003.tif"
472,"G8_04_1_1_RFP_004.tif"
505,"G8_04_1_1_RFP_005.tif"
661,"G8_04_1_1_RFP_006.tif"
726,"G8_04_1_1_RFP_007.tif"
770,"G8_04_1_1_RFP_008.tif"
801,"G8_04_1_1_RFP_009.tif"
809,"G8_04_1_1_RFP_010.tif"
158,"G9_04_1_1_RFP_001.tif"
259,"G9_04_1_1_RFP_002.tif"
313,"G9_04_1_1_RFP_003.tif"
338,"G9_04_1_1_RFP_004.tif"
370,"G9_04_1_1_RFP_005.tif"
447,"G9_04_1_1_RFP_006.tif"
498,"G9_04_1_1_RFP_007.tif"
614,"G9_04_1_1_RFP_008.tif"
698,"G9_04_1_1_RFP_009.tif"
740,"G9_04_1_1_RFP_010.tif"
207,"H10_04_1_1_RFP_001.tif"
322,"H10_04_1_1_RFP_002.tif"
367,"H10_04_1_1_RFP_003.tif"
370,"H10_04_1_1_RFP_004.tif"
376,"H10_04_1_1_RFP_005.tif"
455,"H10_04_1_1_RFP_006.tif"
525,"H10_04_1_1_RFP_007.tif"
617,"H10_04_1_1_RFP_008.tif"
765,"H10_04_1_1_RFP_009.tif"
919,"H10_04_1_1_RFP_010.tif"
226,"H11_04_1_1_RFP_001.tif"
357,"H11_04_1_1_RFP_002.tif"
379,"H11_04_1_1_RFP_003.tif"
391,"H11_04_1_1_RFP_004.tif"
405,"H11_04_1_1_RFP_005.tif"
473,"H11_04_1_1_RFP_006.tif"
529,"H11_04_1_1_RFP_007.tif"
669,"H11_04_1_1_RFP_008.tif"
789,"H11_04_1_1_RFP_009.tif"
947,"H11_04_1_1_RFP_010.tif"
400,"H12_04_1_1_RFP_001.tif"
379,"H12_04_1_1_RFP_002.tif"
424,"H12_04_1_1_RFP_003.tif"
406,"H12_04_1_1_RFP_004.tif"
443,"H12_04_1_1_RFP_005.tif"
515,"H12_04_1_1_RFP_006.tif"
584,"H12_04_1_1_RFP_007.tif"
679,"H12_04_1_1_RFP_008.tif"
752,"H12_04_1_1_RFP_009.tif"
799,"H12_04_1_1_RFP_010.tif"
423,"H13_04_1_1_RFP_001.tif"
407,"H13_04_1_1_RFP_002.tif"
420,"H13_04_1_1_RFP_003.tif"
421,"H13_04_1_1_RFP_004.tif"
429,"H13_04_1_1_RFP_005.tif"
523,"H13_04_1_1_RFP_006.tif"
597,"H13_04_1_1_RFP_007.tif"
693,"H13_04_1_1_RFP_008.tif"
731,"H13_04_1_1_RFP_009.tif"
772,"H13_04_1_1_RFP_010.tif"
345,"H14_04_1_1_RFP_001.tif"
342,"H14_04_1_1_RFP_002.tif"
386,"H14_04_1_1_RFP_003.tif"
380,"H14_04_1_1_RFP_004.tif"
381,"H14_04_1_1_RFP_005.tif"
449,"H14_04_1_1_RFP_006.tif"
533,"H14_04_1_1_RFP_007.tif"
618,"H14_04_1_1_RFP_008.tif"
662,"H14_04_1_1_RFP_009.tif"
683,"H14_04_1_1_RFP_010.tif"
458,"H15_04_1_1_RFP_001.tif"
451,"H15_04_1_1_RFP_002.tif"
401,"H15_04_1_1_RFP_003.tif"
426,"H15_04_1_1_RFP_004.tif"
436,"H15_04_1_1_RFP_005.tif"
501,"H15_04_1_1_RFP_006.tif"
571,"H15_04_1_1_RFP_007.tif"
706,"H15_04_1_1_RFP_008.tif"
751,"H15_04_1_1_RFP_009.tif"
826,"H15_04_1_1_RFP_010.tif"
447,"H16_04_1_1_RFP_001.tif"
456,"H16_04_1_1_RFP_002.tif"
476,"H16_04_1_1_RFP_003.tif"
440,"H16_04_1_1_RFP_004.tif"
466,"H16_04_1_1_RFP_005.tif"
604,"H16_04_1_1_RFP_006.tif"
653,"H16_04_1_1_RFP_007.tif"
776,"H16_04_1_1_RFP_008.tif"
834,"H16_04_1_1_RFP_009.tif"
867,"H16_04_1_1_RFP_010.tif"
382,"H17_04_1_1_RFP_001.tif"
448,"H17_04_1_1_RFP_002.tif"
438,"H17_04_1_1_RFP_003.tif"
486,"H17_04_1_1_RFP_004.tif"
502,"H17_04_1_1_RFP_005.tif"
579,"H17_04_1_1_RFP_006.tif"
705,"H17_04_1_1_RFP_007.tif"
849,"H17_04_1_1_RFP_008.tif"
1022,"H17_04_1_1_RFP_009.tif"
1142,"H17_04_1_1_RFP_010.tif"
483,"H18_04_1_1_RFP_001.tif"
441,"H18_04_1_1_RFP_002.tif"
519,"H18_04_1_1_RFP_003.tif"
477,"H18_04_1_1_RFP_004.tif"
556,"H18_04_1_1_RFP_005.tif"
658,"H18_04_1_1_RFP_006.tif"
765,"H18_04_1_1_RFP_007.tif"
950,"H18_04_1_1_RFP_008.tif"
1099,"H18_04_1_1_RFP_009.tif"
1319,"H18_04_1_1_RFP_010.tif"
426,"H19_04_1_1_RFP_001.tif"
479,"H19_04_1_1_RFP_002.tif"
457,"H19_04_1_1_RFP_003.tif"
475,"H19_04_1_1_RFP_004.tif"
511,"H19_04_1_1_RFP_005.tif"
638,"H19_04_1_1_RFP_006.tif"
735,"H19_04_1_1_RFP_007.tif"
875,"H19_04_1_1_RFP_008.tif"
1055,"H19_04_1_1_RFP_009.tif"
1203,"H19_04_1_1_RFP_010.tif"
80,"H2_04_1_1_RFP_001.tif"
138,"H2_04_1_1_RFP_002.tif"
213,"H2_04_1_1_RFP_003.tif"
244,"H2_04_1_1_RFP_004.tif"
291,"H2_04_1_1_RFP_005.tif"
352,"H2_04_1_1_RFP_006.tif"
446,"H2_04_1_1_RFP_007.tif"
497,"H2_04_1_1_RFP_008.tif"
477,"H2_04_1_1_RFP_009.tif"
485,"H2_04_1_1_RFP_010.tif"
450,"H20_04_1_1_RFP_001.tif"
438,"H20_04_1_1_RFP_002.tif"
537,"H20_04_1_1_RFP_003.tif"
471,"H20_04_1_1_RFP_004.tif"
500,"H20_04_1_1_RFP_005.tif"
655,"H20_04_1_1_RFP_006.tif"
835,"H20_04_1_1_RFP_007.tif"
989,"H20_04_1_1_RFP_008.tif"
1202,"H20_04_1_1_RFP_009.tif"
1289,"H20_04_1_1_RFP_010.tif"
402,"H21_04_1_1_RFP_001.tif"
427,"H21_04_1_1_RFP_002.tif"
415,"H21_04_1_1_RFP_003.tif"
429,"H21_04_1_1_RFP_004.tif"
517,"H21_04_1_1_RFP_005.tif"
691,"H21_04_1_1_RFP_006.tif"
827,"H21_04_1_1_RFP_007.tif"
1056,"H21_04_1_1_RFP_008.tif"
1183,"H21_04_1_1_RFP_009.tif"
1292,"H21_04_1_1_RFP_010.tif"
115,"H3_04_1_1_RFP_001.tif"
226,"H3_04_1_1_RFP_002.tif"
303,"H3_04_1_1_RFP_003.tif"
351,"H3_04_1_1_RFP_004.tif"
386,"H3_04_1_1_RFP_005.tif"
523,"H3_04_1_1_RFP_006.tif"
622,"H3_04_1_1_RFP_007.tif"
604,"H3_04_1_1_RFP_008.tif"
573,"H3_04_1_1_RFP_009.tif"
592,"H3_04_1_1_RFP_010.tif"
132,"H4_04_1_1_RFP_001.tif"
313,"H4_04_1_1_RFP_002.tif"
416,"H4_04_1_1_RFP_003.tif"
438,"H4_04_1_1_RFP_004.tif"
543,"H4_04_1_1_RFP_005.tif"
665,"H4_04_1_1_RFP_006.tif"
666,"H4_04_1_1_RFP_007.tif"
665,"H4_04_1_1_RFP_008.tif"
644,"H4_04_1_1_RFP_009.tif"
611,"H4_04_1_1_RFP_010.tif"
154,"H5_04_1_1_RFP_001.tif"
380,"H5_04_1_1_RFP_002.tif"
512,"H5_04_1_1_RFP_003.tif"
532,"H5_04_1_1_RFP_004.tif"
563,"H5_04_1_1_RFP_005.tif"
705,"H5_04_1_1_RFP_006.tif"
743,"H5_04_1_1_RFP_007.tif"
776,"H5_04_1_1_RFP_008.tif"
719,"H5_04_1_1_RFP_009.tif"
729,"H5_04_1_1_RFP_010.tif"
159,"H6_04_1_1_RFP_001.tif"
350,"H6_04_1_1_RFP_002.tif"
489,"H6_04_1_1_RFP_003.tif"
527,"H6_04_1_1_RFP_004.tif"
547,"H6_04_1_1_RFP_005.tif"
621,"H6_04_1_1_RFP_006.tif"
704,"H6_04_1_1_RFP_007.tif"
724,"H6_04_1_1_RFP_008.tif"
688,"H6_04_1_1_RFP_009.tif"
677,"H6_04_1_1_RFP_010.tif"
220,"H7_04_1_1_RFP_001.tif"
392,"H7_04_1_1_RFP_002.tif"
473,"H7_04_1_1_RFP_003.tif"
537,"H7_04_1_1_RFP_004.tif"
657,"H7_04_1_1_RFP_005.tif"
731,"H7_04_1_1_RFP_006.tif"
802,"H7_04_1_1_RFP_007.tif"
797,"H7_04_1_1_RFP_008.tif"
756,"H7_04_1_1_RFP_009.tif"
741,"H7_04_1_1_RFP_010.tif"
227,"H8_04_1_1_RFP_001.tif"
264,"H8_04_1_1_RFP_002.tif"
336,"H8_04_1_1_RFP_003.tif"
343,"H8_04_1_1_RFP_004.tif"
366,"H8_04_1_1_RFP_005.tif"
459,"H8_04_1_1_RFP_006.tif"
571,"H8_04_1_1_RFP_007.tif"
704,"H8_04_1_1_RFP_008.tif"
802,"H8_04_1_1_RFP_009.tif"
910,"H8_04_1_1_RFP_010.tif"
217,"H9_04_1_1_RFP_001.tif"
355,"H9_04_1_1_RFP_002.tif"
391,"H9_04_1_1_RFP_003.tif"
427,"H9_04_1_1_RFP_004.tif"
423,"H9_04_1_1_RFP_005.tif"
483,"H9_04_1_1_RFP_006.tif"
586,"H9_04_1_1_RFP_007.tif"
712,"H9_04_1_1_RFP_008.tif"
850,"H9_04_1_1_RFP_009.tif"
1018,"H9_04_1_1_RFP_010.tif"
191,"I10_04_1_1_RFP_001.tif"
302,"I10_04_1_1_RFP_002.tif"
339,"I10_04_1_1_RFP_003.tif"
322,"I10_04_1_1_RFP_004.tif"
367,"I10_04_1_1_RFP_005.tif"
428,"I10_04_1_1_RFP_006.tif"
518,"I10_04_1_1_RFP_007.tif"
655,"I10_04_1_1_RFP_008.tif"
735,"I10_04_1_1_RFP_009.tif"
900,"I10_04_1_1_RFP_010.tif"
198,"I11_04_1_1_RFP_001.tif"
287,"I11_04_1_1_RFP_002.tif"
328,"I11_04_1_1_RFP_003.tif"
340,"I11_04_1_1_RFP_004.tif"
405,"I11_04_1_1_RFP_005.tif"
433,"I11_04_1_1_RFP_006.tif"
508,"I11_04_1_1_RFP_007.tif"
622,"I11_04_1_1_RFP_008.tif"
715,"I11_04_1_1_RFP_009.tif"
872,"I11_04_1_1_RFP_010.tif"
366,"I12_04_1_1_RFP_001.tif"
332,"I12_04_1_1_RFP_002.tif"
374,"I12_04_1_1_RFP_003.tif"
365,"I12_04_1_1_RFP_004.tif"
398,"I12_04_1_1_RFP_005.tif"
468,"I12_04_1_1_RFP_006.tif"
551,"I12_04_1_1_RFP_007.tif"
735,"I12_04_1_1_RFP_008.tif"
816,"I12_04_1_1_RFP_009.tif"
944,"I12_04_1_1_RFP_010.tif"
380,"I13_04_1_1_RFP_001.tif"
358,"I13_04_1_1_RFP_002.tif"
377,"I13_04_1_1_RFP_003.tif"
389,"I13_04_1_1_RFP_004.tif"
432,"I13_04_1_1_RFP_005.tif"
525,"I13_04_1_1_RFP_006.tif"
612,"I13_04_1_1_RFP_007.tif"
695,"I13_04_1_1_RFP_008.tif"
782,"I13_04_1_1_RFP_009.tif"
851,"I13_04_1_1_RFP_010.tif"
408,"I14_04_1_1_RFP_001.tif"
394,"I14_04_1_1_RFP_002.tif"
397,"I14_04_1_1_RFP_003.tif"
368,"I14_04_1_1_RFP_004.tif"
430,"I14_04_1_1_RFP_005.tif"
558,"I14_04_1_1_RFP_006.tif"
644,"I14_04_1_1_RFP_007.tif"
750,"I14_04_1_1_RFP_008.tif"
790,"I14_04_1_1_RFP_009.tif"
878,"I14_04_1_1_RFP_010.tif"
405,"I15_04_1_1_RFP_001.tif"
366,"I15_04_1_1_RFP_002.tif"
385,"I15_04_1_1_RFP_003.tif"
387,"I15_04_1_1_RFP_004.tif"
421,"I15_04_1_1_RFP_005.tif"
535,"I15_04_1_1_RFP_006.tif"
590,"I15_04_1_1_RFP_007.tif"
679,"I15_04_1_1_RFP_008.tif"
762,"I15_04_1_1_RFP_009.tif"
809,"I15_04_1_1_RFP_010.tif"
376,"I16_04_1_1_RFP_001.tif"
374,"I16_04_1_1_RFP_002.tif"
440,"I16_04_1_1_RFP_003.tif"
389,"I16_04_1_1_RFP_004.tif"
459,"I16_04_1_1_RFP_005.tif"
465,"I16_04_1_1_RFP_006.tif"
566,"I16_04_1_1_RFP_007.tif"
647,"I16_04_1_1_RFP_008.tif"
725,"I16_04_1_1_RFP_009.tif"
767,"I16_04_1_1_RFP_010.tif"
407,"I17_04_1_1_RFP_001.tif"
383,"I17_04_1_1_RFP_002.tif"
392,"I17_04_1_1_RFP_003.tif"
370,"I17_04_1_1_RFP_004.tif"
485,"I17_04_1_1_RFP_005.tif"
589,"I17_04_1_1_RFP_006.tif"
764,"I17_04_1_1_RFP_007.tif"
930,"I17_04_1_1_RFP_008.tif"
1067,"I17_04_1_1_RFP_009.tif"
1236,"I17_04_1_1_RFP_010.tif"
359,"I18_04_1_1_RFP_001.tif"
331,"I18_04_1_1_RFP_002.tif"
410,"I18_04_1_1_RFP_003.tif"
389,"I18_04_1_1_RFP_004.tif"
443,"I18_04_1_1_RFP_005.tif"
536,"I18_04_1_1_RFP_006.tif"
673,"I18_04_1_1_RFP_007.tif"
850,"I18_04_1_1_RFP_008.tif"
1010,"I18_04_1_1_RFP_009.tif"
1165,"I18_04_1_1_RFP_010.tif"
394,"I19_04_1_1_RFP_001.tif"
385,"I19_04_1_1_RFP_002.tif"
371,"I19_04_1_1_RFP_003.tif"
417,"I19_04_1_1_RFP_004.tif"
449,"I19_04_1_1_RFP_005.tif"
582,"I19_04_1_1_RFP_006.tif"
657,"I19_04_1_1_RFP_007.tif"
888,"I19_04_1_1_RFP_008.tif"
1138,"I19_04_1_1_RFP_009.tif"
1303,"I19_04_1_1_RFP_010.tif"
77,"I2_04_1_1_RFP_001.tif"
159,"I2_04_1_1_RFP_002.tif"
258,"I2_04_1_1_RFP_003.tif"
293,"I2_04_1_1_RFP_004.tif"
316,"I2_04_1_1_RFP_005.tif"
442,"I2_04_1_1_RFP_006.tif"
429,"I2_04_1_1_RFP_007.tif"
491,"I2_04_1_1_RFP_008.tif"
545,"I2_04_1_1_RFP_009.tif"
505,"I2_04_1_1_RFP_010.tif"
377,"I20_04_1_1_RFP_001.tif"
336,"I20_04_1_1_RFP_002.tif"
352,"I20_04_1_1_RFP_003.tif"
359,"I20_04_1_1_RFP_004.tif"
423,"I20_04_1_1_RFP_005.tif"
526,"I20_04_1_1_RFP_006.tif"
646,"I20_04_1_1_RFP_007.tif"
834,"I20_04_1_1_RFP_008.tif"
1041,"I20_04_1_1_RFP_009.tif"
1208,"I20_04_1_1_RFP_010.tif"
435,"I21_04_1_1_RFP_001.tif"
407,"I21_04_1_1_RFP_002.tif"
458,"I21_04_1_1_RFP_003.tif"
536,"I21_04_1_1_RFP_004.tif"
563,"I21_04_1_1_RFP_005.tif"
727,"I21_04_1_1_RFP_006.tif"
842,"I21_04_1_1_RFP_007.tif"
1128,"I21_04_1_1_RFP_008.tif"
1292,"I21_04_1_1_RFP_009.tif"
1467,"I21_04_1_1_RFP_010.tif"
106,"I3_04_1_1_RFP_001.tif"
254,"I3_04_1_1_RFP_002.tif"
357,"I3_04_1_1_RFP_003.tif"
446,"I3_04_1_1_RFP_004.tif"
514,"I3_04_1_1_RFP_005.tif"
534,"I3_04_1_1_RFP_006.tif"
592,"I3_04_1_1_RFP_007.tif"
632,"I3_04_1_1_RFP_008.tif"
599,"I3_04_1_1_RFP_009.tif"
605,"I3_04_1_1_RFP_010.tif"
111,"I4_04_1_1_RFP_001.tif"
298,"I4_04_1_1_RFP_002.tif"
412,"I4_04_1_1_RFP_003.tif"
430,"I4_04_1_1_RFP_004.tif"
542,"I4_04_1_1_RFP_005.tif"
652,"I4_04_1_1_RFP_006.tif"
723,"I4_04_1_1_RFP_007.tif"
680,"I4_04_1_1_RFP_008.tif"
635,"I4_04_1_1_RFP_009.tif"
620,"I4_04_1_1_RFP_010.tif"
163,"I5_04_1_1_RFP_001.tif"
353,"I5_04_1_1_RFP_002.tif"
441,"I5_04_1_1_RFP_003.tif"
471,"I5_04_1_1_RFP_004.tif"
567,"I5_04_1_1_RFP_005.tif"
697,"I5_04_1_1_RFP_006.tif"
683,"I5_04_1_1_RFP_007.tif"
622,"I5_04_1_1_RFP_008.tif"
677,"I5_04_1_1_RFP_009.tif"
651,"I5_04_1_1_RFP_010.tif"
159,"I6_04_1_1_RFP_001.tif"
351,"I6_04_1_1_RFP_002.tif"
458,"I6_04_1_1_RFP_003.tif"
460,"I6_04_1_1_RFP_004.tif"
622,"I6_04_1_1_RFP_005.tif"
727,"I6_04_1_1_RFP_006.tif"
767,"I6_04_1_1_RFP_007.tif"
717,"I6_04_1_1_RFP_008.tif"
708,"I6_04_1_1_RFP_009.tif"
713,"I6_04_1_1_RFP_010.tif"
183,"I7_04_1_1_RFP_001.tif"
373,"I7_04_1_1_RFP_002.tif"
523,"I7_04_1_1_RFP_003.tif"
564,"I7_04_1_1_RFP_004.tif"
642,"I7_04_1_1_RFP_005.tif"
747,"I7_04_1_1_RFP_006.tif"
790,"I7_04_1_1_RFP_007.tif"
784,"I7_04_1_1_RFP_008.tif"
756,"I7_04_1_1_RFP_009.tif"
772,"I7_04_1_1_RFP_010.tif"
226,"I8_04_1_1_RFP_001.tif"
304,"I8_04_1_1_RFP_002.tif"
363,"I8_04_1_1_RFP_003.tif"
385,"I8_04_1_1_RFP_004.tif"
406,"I8_04_1_1_RFP_005.tif"
539,"I8_04_1_1_RFP_006.tif"
593,"I8_04_1_1_RFP_007.tif"
722,"I8_04_1_1_RFP_008.tif"
847,"I8_04_1_1_RFP_009.tif"
957,"I8_04_1_1_RFP_010.tif"
188,"I9_04_1_1_RFP_001.tif"
298,"I9_04_1_1_RFP_002.tif"
335,"I9_04_1_1_RFP_003.tif"
379,"I9_04_1_1_RFP_004.tif"
404,"I9_04_1_1_RFP_005.tif"
461,"I9_04_1_1_RFP_006.tif"
507,"I9_04_1_1_RFP_007.tif"
639,"I9_04_1_1_RFP_008.tif"
705,"I9_04_1_1_RFP_009.tif"
902,"I9_04_1_1_RFP_010.tif"
195,"J10_04_1_1_RFP_001.tif"
285,"J10_04_1_1_RFP_002.tif"
313,"J10_04_1_1_RFP_003.tif"
324,"J10_04_1_1_RFP_004.tif"
363,"J10_04_1_1_RFP_005.tif"
445,"J10_04_1_1_RFP_006.tif"
547,"J10_04_1_1_RFP_007.tif"
667,"J10_04_1_1_RFP_008.tif"
812,"J10_04_1_1_RFP_009.tif"
963,"J10_04_1_1_RFP_010.tif"
224,"J11_04_1_1_RFP_001.tif"
340,"J11_04_1_1_RFP_002.tif"
360,"J11_04_1_1_RFP_003.tif"
383,"J11_04_1_1_RFP_004.tif"
427,"J11_04_1_1_RFP_005.tif"
494,"J11_04_1_1_RFP_006.tif"
607,"J11_04_1_1_RFP_007.tif"
686,"J11_04_1_1_RFP_008.tif"
851,"J11_04_1_1_RFP_009.tif"
985,"J11_04_1_1_RFP_010.tif"
411,"J12_04_1_1_RFP_001.tif"
384,"J12_04_1_1_RFP_002.tif"
404,"J12_04_1_1_RFP_003.tif"
359,"J12_04_1_1_RFP_004.tif"
422,"J12_04_1_1_RFP_005.tif"
532,"J12_04_1_1_RFP_006.tif"
635,"J12_04_1_1_RFP_007.tif"
736,"J12_04_1_1_RFP_008.tif"
774,"J12_04_1_1_RFP_009.tif"
815,"J12_04_1_1_RFP_010.tif"
378,"J13_04_1_1_RFP_001.tif"
414,"J13_04_1_1_RFP_002.tif"
426,"J13_04_1_1_RFP_003.tif"
411,"J13_04_1_1_RFP_004.tif"
437,"J13_04_1_1_RFP_005.tif"
532,"J13_04_1_1_RFP_006.tif"
621,"J13_04_1_1_RFP_007.tif"
702,"J13_04_1_1_RFP_008.tif"
763,"J13_04_1_1_RFP_009.tif"
812,"J13_04_1_1_RFP_010.tif"
350,"J14_04_1_1_RFP_001.tif"
339,"J14_04_1_1_RFP_002.tif"
387,"J14_04_1_1_RFP_003.tif"
338,"J14_04_1_1_RFP_004.tif"
379,"J14_04_1_1_RFP_005.tif"
445,"J14_04_1_1_RFP_006.tif"
535,"J14_04_1_1_RFP_007.tif"
635,"J14_04_1_1_RFP_008.tif"
680,"J14_04_1_1_RFP_009.tif"
721,"J14_04_1_1_RFP_010.tif"
389,"J15_04_1_1_RFP_001.tif"
412,"J15_04_1_1_RFP_002.tif"
455,"J15_04_1_1_RFP_003.tif"
426,"J15_04_1_1_RFP_004.tif"
464,"J15_04_1_1_RFP_005.tif"
530,"J15_04_1_1_RFP_006.tif"
624,"J15_04_1_1_RFP_007.tif"
694,"J15_04_1_1_RFP_008.tif"
739,"J15_04_1_1_RFP_009.tif"
781,"J15_04_1_1_RFP_010.tif"
404,"J16_04_1_1_RFP_001.tif"
433,"J16_04_1_1_RFP_002.tif"
461,"J16_04_1_1_RFP_003.tif"
455,"J16_04_1_1_RFP_004.tif"
457,"J16_04_1_1_RFP_005.tif"
558,"J16_04_1_1_RFP_006.tif"
682,"J16_04_1_1_RFP_007.tif"
778,"J16_04_1_1_RFP_008.tif"
836,"J16_04_1_1_RFP_009.tif"
909,"J16_04_1_1_RFP_010.tif"
380,"J17_04_1_1_RFP_001.tif"
470,"J17_04_1_1_RFP_002.tif"
401,"J17_04_1_1_RFP_003.tif"
402,"J17_04_1_1_RFP_004.tif"
430,"J17_04_1_1_RFP_005.tif"
552,"J17_04_1_1_RFP_006.tif"
650,"J17_04_1_1_RFP_007.tif"
817,"J17_04_1_1_RFP_008.tif"
1000,"J17_04_1_1_RFP_009.tif"
1162,"J17_04_1_1_RFP_010.tif"
431,"J18_04_1_1_RFP_001.tif"
438,"J18_04_1_1_RFP_002.tif"
524,"J18_04_1_1_RFP_003.tif"
457,"J18_04_1_1_RFP_004.tif"
542,"J18_04_1_1_RFP_005.tif"
673,"J18_04_1_1_RFP_006.tif"
823,"J18_04_1_1_RFP_007.tif"
1028,"J18_04_1_1_RFP_008.tif"
1229,"J18_04_1_1_RFP_009.tif"
1410,"J18_04_1_1_RFP_010.tif"
377,"J19_04_1_1_RFP_001.tif"
431,"J19_04_1_1_RFP_002.tif"
451,"J19_04_1_1_RFP_003.tif"
431,"J19_04_1_1_RFP_004.tif"
480,"J19_04_1_1_RFP_005.tif"
626,"J19_04_1_1_RFP_006.tif"
752,"J19_04_1_1_RFP_007.tif"
886,"J19_04_1_1_RFP_008.tif"
1044,"J19_04_1_1_RFP_009.tif"
1183,"J19_04_1_1_RFP_010.tif"
107,"J2_04_1_1_RFP_001.tif"
164,"J2_04_1_1_RFP_002.tif"
231,"J2_04_1_1_RFP_003.tif"
215,"J2_04_1_1_RFP_004.tif"
319,"J2_04_1_1_RFP_005.tif"
342,"J2_04_1_1_RFP_006.tif"
418,"J2_04_1_1_RFP_007.tif"
419,"J2_04_1_1_RFP_008.tif"
436,"J2_04_1_1_RFP_009.tif"
465,"J2_04_1_1_RFP_010.tif"
399,"J20_04_1_1_RFP_001.tif"
407,"J20_04_1_1_RFP_002.tif"
489,"J20_04_1_1_RFP_003.tif"
442,"J20_04_1_1_RFP_004.tif"
470,"J20_04_1_1_RFP_005.tif"
577,"J20_04_1_1_RFP_006.tif"
786,"J20_04_1_1_RFP_007.tif"
1006,"J20_04_1_1_RFP_008.tif"
1165,"J20_04_1_1_RFP_009.tif"
1267,"J20_04_1_1_RFP_010.tif"
425,"J21_04_1_1_RFP_001.tif"
467,"J21_04_1_1_RFP_002.tif"
520,"J21_04_1_1_RFP_003.tif"
516,"J21_04_1_1_RFP_004.tif"
581,"J21_04_1_1_RFP_005.tif"
779,"J21_04_1_1_RFP_006.tif"
974,"J21_04_1_1_RFP_007.tif"
1259,"J21_04_1_1_RFP_008.tif"
1389,"J21_04_1_1_RFP_009.tif"
1570,"J21_04_1_1_RFP_010.tif"
111,"J3_04_1_1_RFP_001.tif"
222,"J3_04_1_1_RFP_002.tif"
352,"J3_04_1_1_RFP_003.tif"
402,"J3_04_1_1_RFP_004.tif"
464,"J3_04_1_1_RFP_005.tif"
579,"J3_04_1_1_RFP_006.tif"
622,"J3_04_1_1_RFP_007.tif"
677,"J3_04_1_1_RFP_008.tif"
689,"J3_04_1_1_RFP_009.tif"
684,"J3_04_1_1_RFP_010.tif"
123,"J4_04_1_1_RFP_001.tif"
283,"J4_04_1_1_RFP_002.tif"
405,"J4_04_1_1_RFP_003.tif"
436,"J4_04_1_1_RFP_004.tif"
531,"J4_04_1_1_RFP_005.tif"
621,"J4_04_1_1_RFP_006.tif"
614,"J4_04_1_1_RFP_007.tif"
650,"J4_04_1_1_RFP_008.tif"
597,"J4_04_1_1_RFP_009.tif"
614,"J4_04_1_1_RFP_010.tif"
137,"J5_04_1_1_RFP_001.tif"
312,"J5_04_1_1_RFP_002.tif"
431,"J5_04_1_1_RFP_003.tif"
438,"J5_04_1_1_RFP_004.tif"
573,"J5_04_1_1_RFP_005.tif"
740,"J5_04_1_1_RFP_006.tif"
771,"J5_04_1_1_RFP_007.tif"
766,"J5_04_1_1_RFP_008.tif"
788,"J5_04_1_1_RFP_009.tif"
788,"J5_04_1_1_RFP_010.tif"
201,"J6_04_1_1_RFP_001.tif"
405,"J6_04_1_1_RFP_002.tif"
603,"J6_04_1_1_RFP_003.tif"
571,"J6_04_1_1_RFP_004.tif"
705,"J6_04_1_1_RFP_005.tif"
783,"J6_04_1_1_RFP_006.tif"
827,"J6_04_1_1_RFP_007.tif"
801,"J6_04_1_1_RFP_008.tif"
769,"J6_04_1_1_RFP_009.tif"
737,"J6_04_1_1_RFP_010.tif"
168,"J7_04_1_1_RFP_001.tif"
397,"J7_04_1_1_RFP_002.tif"
538,"J7_04_1_1_RFP_003.tif"
609,"J7_04_1_1_RFP_004.tif"
724,"J7_04_1_1_RFP_005.tif"
839,"J7_04_1_1_RFP_006.tif"
916,"J7_04_1_1_RFP_007.tif"
883,"J7_04_1_1_RFP_008.tif"
894,"J7_04_1_1_RFP_009.tif"
858,"J7_04_1_1_RFP_010.tif"
176,"J8_04_1_1_RFP_001.tif"
263,"J8_04_1_1_RFP_002.tif"
325,"J8_04_1_1_RFP_003.tif"
306,"J8_04_1_1_RFP_004.tif"
362,"J8_04_1_1_RFP_005.tif"
435,"J8_04_1_1_RFP_006.tif"
506,"J8_04_1_1_RFP_007.tif"
623,"J8_04_1_1_RFP_008.tif"
798,"J8_04_1_1_RFP_009.tif"
881,"J8_04_1_1_RFP_010.tif"
182,"J9_04_1_1_RFP_001.tif"
313,"J9_04_1_1_RFP_002.tif"
352,"J9_04_1_1_RFP_003.tif"
363,"J9_04_1_1_RFP_004.tif"
406,"J9_04_1_1_RFP_005.tif"
440,"J9_04_1_1_RFP_006.tif"
529,"J9_04_1_1_RFP_007.tif"
682,"J9_04_1_1_RFP_008.tif"
768,"J9_04_1_1_RFP_009.tif"
922,"J9_04_1_1_RFP_010.tif"
185,"K10_04_1_1_RFP_001.tif"
259,"K10_04_1_1_RFP_002.tif"
285,"K10_04_1_1_RFP_003.tif"
287,"K10_04_1_1_RFP_004.tif"
361,"K10_04_1_1_RFP_005.tif"
380,"K10_04_1_1_RFP_006.tif"
441,"K10_04_1_1_RFP_007.tif"
523,"K10_04_1_1_RFP_008.tif"
635,"K10_04_1_1_RFP_009.tif"
748,"K10_04_1_1_RFP_010.tif"
219,"K11_04_1_1_RFP_001.tif"
300,"K11_04_1_1_RFP_002.tif"
368,"K11_04_1_1_RFP_003.tif"
356,"K11_04_1_1_RFP_004.tif"
448,"K11_04_1_1_RFP_005.tif"
488,"K11_04_1_1_RFP_006.tif"
547,"K11_04_1_1_RFP_007.tif"
642,"K11_04_1_1_RFP_008.tif"
777,"K11_04_1_1_RFP_009.tif"
941,"K11_04_1_1_RFP_010.tif"
344,"K12_04_1_1_RFP_001.tif"
519,"K12_04_1_1_RFP_002.tif"
629,"K12_04_1_1_RFP_003.tif"
606,"K12_04_1_1_RFP_004.tif"
671,"K12_04_1_1_RFP_005.tif"
782,"K12_04_1_1_RFP_006.tif"
783,"K12_04_1_1_RFP_007.tif"
810,"K12_04_1_1_RFP_008.tif"
770,"K12_04_1_1_RFP_009.tif"
771,"K12_04_1_1_RFP_010.tif"
347,"K13_04_1_1_RFP_001.tif"
408,"K13_04_1_1_RFP_002.tif"
545,"K13_04_1_1_RFP_003.tif"
541,"K13_04_1_1_RFP_004.tif"
632,"K13_04_1_1_RFP_005.tif"
750,"K13_04_1_1_RFP_006.tif"
755,"K13_04_1_1_RFP_007.tif"
816,"K13_04_1_1_RFP_008.tif"
786,"K13_04_1_1_RFP_009.tif"
787,"K13_04_1_1_RFP_010.tif"
337,"K14_04_1_1_RFP_001.tif"
379,"K14_04_1_1_RFP_002.tif"
465,"K14_04_1_1_RFP_003.tif"
428,"K14_04_1_1_RFP_004.tif"
513,"K14_04_1_1_RFP_005.tif"
600,"K14_04_1_1_RFP_006.tif"
696,"K14_04_1_1_RFP_007.tif"
750,"K14_04_1_1_RFP_008.tif"
757,"K14_04_1_1_RFP_009.tif"
789,"K14_04_1_1_RFP_010.tif"
414,"K15_04_1_1_RFP_001.tif"
400,"K15_04_1_1_RFP_002.tif"
466,"K15_04_1_1_RFP_003.tif"
447,"K15_04_1_1_RFP_004.tif"
508,"K15_04_1_1_RFP_005.tif"
614,"K15_04_1_1_RFP_006.tif"
711,"K15_04_1_1_RFP_007.tif"
802,"K15_04_1_1_RFP_008.tif"
824,"K15_04_1_1_RFP_009.tif"
936,"K15_04_1_1_RFP_010.tif"
373,"K16_04_1_1_RFP_001.tif"
346,"K16_04_1_1_RFP_002.tif"
412,"K16_04_1_1_RFP_003.tif"
383,"K16_04_1_1_RFP_004.tif"
430,"K16_04_1_1_RFP_005.tif"
511,"K16_04_1_1_RFP_006.tif"
592,"K16_04_1_1_RFP_007.tif"
728,"K16_04_1_1_RFP_008.tif"
838,"K16_04_1_1_RFP_009.tif"
850,"K16_04_1_1_RFP_010.tif"
345,"K17_04_1_1_RFP_001.tif"
381,"K17_04_1_1_RFP_002.tif"
413,"K17_04_1_1_RFP_003.tif"
391,"K17_04_1_1_RFP_004.tif"
452,"K17_04_1_1_RFP_005.tif"
557,"K17_04_1_1_RFP_006.tif"
663,"K17_04_1_1_RFP_007.tif"
763,"K17_04_1_1_RFP_008.tif"
811,"K17_04_1_1_RFP_009.tif"
874,"K17_04_1_1_RFP_010.tif"
370,"K18_04_1_1_RFP_001.tif"
320,"K18_04_1_1_RFP_002.tif"
402,"K18_04_1_1_RFP_003.tif"
388,"K18_04_1_1_RFP_004.tif"
419,"K18_04_1_1_RFP_005.tif"
574,"K18_04_1_1_RFP_006.tif"
725,"K18_04_1_1_RFP_007.tif"
951,"K18_04_1_1_RFP_008.tif"
1174,"K18_04_1_1_RFP_009.tif"
1391,"K18_04_1_1_RFP_010.tif"
448,"K19_04_1_1_RFP_001.tif"
403,"K19_04_1_1_RFP_002.tif"
433,"K19_04_1_1_RFP_003.tif"
409,"K19_04_1_1_RFP_004.tif"
476,"K19_04_1_1_RFP_005.tif"
698,"K19_04_1_1_RFP_006.tif"
777,"K19_04_1_1_RFP_007.tif"
956,"K19_04_1_1_RFP_008.tif"
1078,"K19_04_1_1_RFP_009.tif"
1267,"K19_04_1_1_RFP_010.tif"
59,"K2_04_1_1_RFP_001.tif"
230,"K2_04_1_1_RFP_002.tif"
309,"K2_04_1_1_RFP_003.tif"
306,"K2_04_1_1_RFP_004.tif"
328,"K2_04_1_1_RFP_005.tif"
400,"K2_04_1_1_RFP_006.tif"
394,"K2_04_1_1_RFP_007.tif"
446,"K2_04_1_1_RFP_008.tif"
441,"K2_04_1_1_RFP_009.tif"
457,"K2_04_1_1_RFP_010.tif"
361,"K20_04_1_1_RFP_001.tif"
292,"K20_04_1_1_RFP_002.tif"
377,"K20_04_1_1_RFP_003.tif"
380,"K20_04_1_1_RFP_004.tif"
427,"K20_04_1_1_RFP_005.tif"
576,"K20_04_1_1_RFP_006.tif"
756,"K20_04_1_1_RFP_007.tif"
1035,"K20_04_1_1_RFP_008.tif"
1192,"K20_04_1_1_RFP_009.tif"
1396,"K20_04_1_1_RFP_010.tif"
389,"K21_04_1_1_RFP_001.tif"
405,"K21_04_1_1_RFP_002.tif"
467,"K21_04_1_1_RFP_003.tif"
486,"K21_04_1_1_RFP_004.tif"
517,"K21_04_1_1_RFP_005.tif"
659,"K21_04_1_1_RFP_006.tif"
850,"K21_04_1_1_RFP_007.tif"
1156,"K21_04_1_1_RFP_008.tif"
1267,"K21_04_1_1_RFP_009.tif"
1417,"K21_04_1_1_RFP_010.tif"
109,"K3_04_1_1_RFP_001.tif"
282,"K3_04_1_1_RFP_002.tif"
385,"K3_04_1_1_RFP_003.tif"
408,"K3_04_1_1_RFP_004.tif"
458,"K3_04_1_1_RFP_005.tif"
513,"K3_04_1_1_RFP_006.tif"
570,"K3_04_1_1_RFP_007.tif"
627,"K3_04_1_1_RFP_008.tif"
620,"K3_04_1_1_RFP_009.tif"
572,"K3_04_1_1_RFP_010.tif"
155,"K4_04_1_1_RFP_001.tif"
278,"K4_04_1_1_RFP_002.tif"
366,"K4_04_1_1_RFP_003.tif"
357,"K4_04_1_1_RFP_004.tif"
459,"K4_04_1_1_RFP_005.tif"
531,"K4_04_1_1_RFP_006.tif"
564,"K4_04_1_1_RFP_007.tif"
562,"K4_04_1_1_RFP_008.tif"
580,"K4_04_1_1_RFP_009.tif"
601,"K4_04_1_1_RFP_010.tif"
157,"K5_04_1_1_RFP_001.tif"
240,"K5_04_1_1_RFP_002.tif"
300,"K5_04_1_1_RFP_003.tif"
315,"K5_04_1_1_RFP_004.tif"
393,"K5_04_1_1_RFP_005.tif"
476,"K5_04_1_1_RFP_006.tif"
559,"K5_04_1_1_RFP_007.tif"
626,"K5_04_1_1_RFP_008.tif"
621,"K5_04_1_1_RFP_009.tif"
644,"K5_04_1_1_RFP_010.tif"
168,"K6_04_1_1_RFP_001.tif"
241,"K6_04_1_1_RFP_002.tif"
342,"K6_04_1_1_RFP_003.tif"
329,"K6_04_1_1_RFP_004.tif"
391,"K6_04_1_1_RFP_005.tif"
422,"K6_04_1_1_RFP_006.tif"
487,"K6_04_1_1_RFP_007.tif"
560,"K6_04_1_1_RFP_008.tif"
600,"K6_04_1_1_RFP_009.tif"
578,"K6_04_1_1_RFP_010.tif"
206,"K7_04_1_1_RFP_001.tif"
357,"K7_04_1_1_RFP_002.tif"
477,"K7_04_1_1_RFP_003.tif"
524,"K7_04_1_1_RFP_004.tif"
619,"K7_04_1_1_RFP_005.tif"
735,"K7_04_1_1_RFP_006.tif"
833,"K7_04_1_1_RFP_007.tif"
788,"K7_04_1_1_RFP_008.tif"
766,"K7_04_1_1_RFP_009.tif"
748,"K7_04_1_1_RFP_010.tif"
183,"K8_04_1_1_RFP_001.tif"
280,"K8_04_1_1_RFP_002.tif"
333,"K8_04_1_1_RFP_003.tif"
340,"K8_04_1_1_RFP_004.tif"
378,"K8_04_1_1_RFP_005.tif"
471,"K8_04_1_1_RFP_006.tif"
528,"K8_04_1_1_RFP_007.tif"
609,"K8_04_1_1_RFP_008.tif"
709,"K8_04_1_1_RFP_009.tif"
767,"K8_04_1_1_RFP_010.tif"
217,"K9_04_1_1_RFP_001.tif"
304,"K9_04_1_1_RFP_002.tif"
355,"K9_04_1_1_RFP_003.tif"
355,"K9_04_1_1_RFP_004.tif"
410,"K9_04_1_1_RFP_005.tif"
470,"K9_04_1_1_RFP_006.tif"
578,"K9_04_1_1_RFP_007.tif"
709,"K9_04_1_1_RFP_008.tif"
772,"K9_04_1_1_RFP_009.tif"
928,"K9_04_1_1_RFP_010.tif"
182,"L10_04_1_1_RFP_001.tif"
291,"L10_04_1_1_RFP_002.tif"
339,"L10_04_1_1_RFP_003.tif"
335,"L10_04_1_1_RFP_004.tif"
378,"L10_04_1_1_RFP_005.tif"
459,"L10_04_1_1_RFP_006.tif"
531,"L10_04_1_1_RFP_007.tif"
608,"L10_04_1_1_RFP_008.tif"
821,"L10_04_1_1_RFP_009.tif"
971,"L10_04_1_1_RFP_010.tif"
232,"L11_04_1_1_RFP_001.tif"
337,"L11_04_1_1_RFP_002.tif"
374,"L11_04_1_1_RFP_003.tif"
383,"L11_04_1_1_RFP_004.tif"
457,"L11_04_1_1_RFP_005.tif"
512,"L11_04_1_1_RFP_006.tif"
593,"L11_04_1_1_RFP_007.tif"
691,"L11_04_1_1_RFP_008.tif"
902,"L11_04_1_1_RFP_009.tif"
1041,"L11_04_1_1_RFP_010.tif"
341,"L12_04_1_1_RFP_001.tif"
499,"L12_04_1_1_RFP_002.tif"
687,"L12_04_1_1_RFP_003.tif"
615,"L12_04_1_1_RFP_004.tif"
717,"L12_04_1_1_RFP_005.tif"
861,"L12_04_1_1_RFP_006.tif"
837,"L12_04_1_1_RFP_007.tif"
872,"L12_04_1_1_RFP_008.tif"
846,"L12_04_1_1_RFP_009.tif"
803,"L12_04_1_1_RFP_010.tif"
349,"L13_04_1_1_RFP_001.tif"
426,"L13_04_1_1_RFP_002.tif"
505,"L13_04_1_1_RFP_003.tif"
519,"L13_04_1_1_RFP_004.tif"
613,"L13_04_1_1_RFP_005.tif"
698,"L13_04_1_1_RFP_006.tif"
750,"L13_04_1_1_RFP_007.tif"
704,"L13_04_1_1_RFP_008.tif"
725,"L13_04_1_1_RFP_009.tif"
686,"L13_04_1_1_RFP_010.tif"
377,"L14_04_1_1_RFP_001.tif"
406,"L14_04_1_1_RFP_002.tif"
481,"L14_04_1_1_RFP_003.tif"
453,"L14_04_1_1_RFP_004.tif"
548,"L14_04_1_1_RFP_005.tif"
632,"L14_04_1_1_RFP_006.tif"
709,"L14_04_1_1_RFP_007.tif"
747,"L14_04_1_1_RFP_008.tif"
730,"L14_04_1_1_RFP_009.tif"
721,"L14_04_1_1_RFP_010.tif"
401,"L15_04_1_1_RFP_001.tif"
423,"L15_04_1_1_RFP_002.tif"
460,"L15_04_1_1_RFP_003.tif"
466,"L15_04_1_1_RFP_004.tif"
525,"L15_04_1_1_RFP_005.tif"
618,"L15_04_1_1_RFP_006.tif"
706,"L15_04_1_1_RFP_007.tif"
794,"L15_04_1_1_RFP_008.tif"
842,"L15_04_1_1_RFP_009.tif"
872,"L15_04_1_1_RFP_010.tif"
440,"L16_04_1_1_RFP_001.tif"
430,"L16_04_1_1_RFP_002.tif"
474,"L16_04_1_1_RFP_003.tif"
466,"L16_04_1_1_RFP_004.tif"
526,"L16_04_1_1_RFP_005.tif"
634,"L16_04_1_1_RFP_006.tif"
749,"L16_04_1_1_RFP_007.tif"
883,"L16_04_1_1_RFP_008.tif"
906,"L16_04_1_1_RFP_009.tif"
923,"L16_04_1_1_RFP_010.tif"
388,"L17_04_1_1_RFP_001.tif"
381,"L17_04_1_1_RFP_002.tif"
441,"L17_04_1_1_RFP_003.tif"
427,"L17_04_1_1_RFP_004.tif"
479,"L17_04_1_1_RFP_005.tif"
590,"L17_04_1_1_RFP_006.tif"
683,"L17_04_1_1_RFP_007.tif"
752,"L17_04_1_1_RFP_008.tif"
816,"L17_04_1_1_RFP_009.tif"
820,"L17_04_1_1_RFP_010.tif"
378,"L18_04_1_1_RFP_001.tif"
366,"L18_04_1_1_RFP_002.tif"
470,"L18_04_1_1_RFP_003.tif"
478,"L18_04_1_1_RFP_004.tif"
515,"L18_04_1_1_RFP_005.tif"
606,"L18_04_1_1_RFP_006.tif"
786,"L18_04_1_1_RFP_007.tif"
972,"L18_04_1_1_RFP_008.tif"
1113,"L18_04_1_1_RFP_009.tif"
1262,"L18_04_1_1_RFP_010.tif"
321,"L19_04_1_1_RFP_001.tif"
339,"L19_04_1_1_RFP_002.tif"
450,"L19_04_1_1_RFP_003.tif"
411,"L19_04_1_1_RFP_004.tif"
483,"L19_04_1_1_RFP_005.tif"
627,"L19_04_1_1_RFP_006.tif"
750,"L19_04_1_1_RFP_007.tif"
912,"L19_04_1_1_RFP_008.tif"
992,"L19_04_1_1_RFP_009.tif"
1106,"L19_04_1_1_RFP_010.tif"
64,"L2_04_1_1_RFP_001.tif"
214,"L2_04_1_1_RFP_002.tif"
276,"L2_04_1_1_RFP_003.tif"
274,"L2_04_1_1_RFP_004.tif"
369,"L2_04_1_1_RFP_005.tif"
419,"L2_04_1_1_RFP_006.tif"
399,"L2_04_1_1_RFP_007.tif"
404,"L2_04_1_1_RFP_008.tif"
383,"L2_04_1_1_RFP_009.tif"
405,"L2_04_1_1_RFP_010.tif"
405,"L20_04_1_1_RFP_001.tif"
390,"L20_04_1_1_RFP_002.tif"
447,"L20_04_1_1_RFP_003.tif"
478,"L20_04_1_1_RFP_004.tif"
527,"L20_04_1_1_RFP_005.tif"
667,"L20_04_1_1_RFP_006.tif"
835,"L20_04_1_1_RFP_007.tif"
1105,"L20_04_1_1_RFP_008.tif"
1231,"L20_04_1_1_RFP_009.tif"
1330,"L20_04_1_1_RFP_010.tif"
415,"L21_04_1_1_RFP_001.tif"
404,"L21_04_1_1_RFP_002.tif"
475,"L21_04_1_1_RFP_003.tif"
487,"L21_04_1_1_RFP_004.tif"
562,"L21_04_1_1_RFP_005.tif"
789,"L21_04_1_1_RFP_006.tif"
988,"L21_04_1_1_RFP_007.tif"
1235,"L21_04_1_1_RFP_008.tif"
1432,"L21_04_1_1_RFP_009.tif"
1632,"L21_04_1_1_RFP_010.tif"
88,"L3_04_1_1_RFP_001.tif"
263,"L3_04_1_1_RFP_002.tif"
360,"L3_04_1_1_RFP_003.tif"
404,"L3_04_1_1_RFP_004.tif"
487,"L3_04_1_1_RFP_005.tif"
549,"L3_04_1_1_RFP_006.tif"
597,"L3_04_1_1_RFP_007.tif"
563,"L3_04_1_1_RFP_008.tif"
571,"L3_04_1_1_RFP_009.tif"
595,"L3_04_1_1_RFP_010.tif"
119,"L4_04_1_1_RFP_001.tif"
249,"L4_04_1_1_RFP_002.tif"
323,"L4_04_1_1_RFP_003.tif"
339,"L4_04_1_1_RFP_004.tif"
460,"L4_04_1_1_RFP_005.tif"
573,"L4_04_1_1_RFP_006.tif"
592,"L4_04_1_1_RFP_007.tif"
530,"L4_04_1_1_RFP_008.tif"
540,"L4_04_1_1_RFP_009.tif"
523,"L4_04_1_1_RFP_010.tif"
131,"L5_04_1_1_RFP_001.tif"
248,"L5_04_1_1_RFP_002.tif"
281,"L5_04_1_1_RFP_003.tif"
294,"L5_04_1_1_RFP_004.tif"
384,"L5_04_1_1_RFP_005.tif"
515,"L5_04_1_1_RFP_006.tif"
528,"L5_04_1_1_RFP_007.tif"
610,"L5_04_1_1_RFP_008.tif"
603,"L5_04_1_1_RFP_009.tif"
597,"L5_04_1_1_RFP_010.tif"
150,"L6_04_1_1_RFP_001.tif"
248,"L6_04_1_1_RFP_002.tif"
325,"L6_04_1_1_RFP_003.tif"
329,"L6_04_1_1_RFP_004.tif"
356,"L6_04_1_1_RFP_005.tif"
420,"L6_04_1_1_RFP_006.tif"
474,"L6_04_1_1_RFP_007.tif"
504,"L6_04_1_1_RFP_008.tif"
563,"L6_04_1_1_RFP_009.tif"
541,"L6_04_1_1_RFP_010.tif"
179,"L7_04_1_1_RFP_001.tif"
348,"L7_04_1_1_RFP_002.tif"
418,"L7_04_1_1_RFP_003.tif"
454,"L7_04_1_1_RFP_004.tif"
519,"L7_04_1_1_RFP_005.tif"
676,"L7_04_1_1_RFP_006.tif"
736,"L7_04_1_1_RFP_007.tif"
739,"L7_04_1_1_RFP_008.tif"
697,"L7_04_1_1_RFP_009.tif"
699,"L7_04_1_1_RFP_010.tif"
147,"L8_04_1_1_RFP_001.tif"
216,"L8_04_1_1_RFP_002.tif"
296,"L8_04_1_1_RFP_003.tif"
295,"L8_04_1_1_RFP_004.tif"
336,"L8_04_1_1_RFP_005.tif"
447,"L8_04_1_1_RFP_006.tif"
500,"L8_04_1_1_RFP_007.tif"
608,"L8_04_1_1_RFP_008.tif"
723,"L8_04_1_1_RFP_009.tif"
764,"L8_04_1_1_RFP_010.tif"
205,"L9_04_1_1_RFP_001.tif"
294,"L9_04_1_1_RFP_002.tif"
316,"L9_04_1_1_RFP_003.tif"
323,"L9_04_1_1_RFP_004.tif"
385,"L9_04_1_1_RFP_005.tif"
440,"L9_04_1_1_RFP_006.tif"
529,"L9_04_1_1_RFP_007.tif"
675,"L9_04_1_1_RFP_008.tif"
771,"L9_04_1_1_RFP_009.tif"
998,"L9_04_1_1_RFP_010.tif"
137,"M10_04_1_1_RFP_001.tif"
208,"M10_04_1_1_RFP_002.tif"
239,"M10_04_1_1_RFP_003.tif"
244,"M10_04_1_1_RFP_004.tif"
295,"M10_04_1_1_RFP_005.tif"
349,"M10_04_1_1_RFP_006.tif"
433,"M10_04_1_1_RFP_007.tif"
524,"M10_04_1_1_RFP_008.tif"
682,"M10_04_1_1_RFP_009.tif"
818,"M10_04_1_1_RFP_010.tif"
239,"M11_04_1_1_RFP_001.tif"
308,"M11_04_1_1_RFP_002.tif"
363,"M11_04_1_1_RFP_003.tif"
342,"M11_04_1_1_RFP_004.tif"
409,"M11_04_1_1_RFP_005.tif"
515,"M11_04_1_1_RFP_006.tif"
581,"M11_04_1_1_RFP_007.tif"
707,"M11_04_1_1_RFP_008.tif"
846,"M11_04_1_1_RFP_009.tif"
990,"M11_04_1_1_RFP_010.tif"
336,"M12_04_1_1_RFP_001.tif"
519,"M12_04_1_1_RFP_002.tif"
719,"M12_04_1_1_RFP_003.tif"
693,"M12_04_1_1_RFP_004.tif"
761,"M12_04_1_1_RFP_005.tif"
909,"M12_04_1_1_RFP_006.tif"
938,"M12_04_1_1_RFP_007.tif"
895,"M12_04_1_1_RFP_008.tif"
892,"M12_04_1_1_RFP_009.tif"
827,"M12_04_1_1_RFP_010.tif"
386,"M13_04_1_1_RFP_001.tif"
394,"M13_04_1_1_RFP_002.tif"
591,"M13_04_1_1_RFP_003.tif"
522,"M13_04_1_1_RFP_004.tif"
686,"M13_04_1_1_RFP_005.tif"
685,"M13_04_1_1_RFP_006.tif"
763,"M13_04_1_1_RFP_007.tif"
795,"M13_04_1_1_RFP_008.tif"
811,"M13_04_1_1_RFP_009.tif"
795,"M13_04_1_1_RFP_010.tif"
433,"M14_04_1_1_RFP_001.tif"
432,"M14_04_1_1_RFP_002.tif"
556,"M14_04_1_1_RFP_003.tif"
540,"M14_04_1_1_RFP_004.tif"
634,"M14_04_1_1_RFP_005.tif"
785,"M14_04_1_1_RFP_006.tif"
847,"M14_04_1_1_RFP_007.tif"
874,"M14_04_1_1_RFP_008.tif"
897,"M14_04_1_1_RFP_009.tif"
942,"M14_04_1_1_RFP_010.tif"
357,"M15_04_1_1_RFP_001.tif"
346,"M15_04_1_1_RFP_002.tif"
445,"M15_04_1_1_RFP_003.tif"
421,"M15_04_1_1_RFP_004.tif"
535,"M15_04_1_1_RFP_005.tif"
616,"M15_04_1_1_RFP_006.tif"
671,"M15_04_1_1_RFP_007.tif"
771,"M15_04_1_1_RFP_008.tif"
800,"M15_04_1_1_RFP_009.tif"
833,"M15_04_1_1_RFP_010.tif"
369,"M16_04_1_1_RFP_001.tif"
349,"M16_04_1_1_RFP_002.tif"
443,"M16_04_1_1_RFP_003.tif"
414,"M16_04_1_1_RFP_004.tif"
473,"M16_04_1_1_RFP_005.tif"
576,"M16_04_1_1_RFP_006.tif"
698,"M16_04_1_1_RFP_007.tif"
792,"M16_04_1_1_RFP_008.tif"
846,"M16_04_1_1_RFP_009.tif"
920,"M16_04_1_1_RFP_010.tif"
370,"M17_04_1_1_RFP_001.tif"
361,"M17_04_1_1_RFP_002.tif"
430,"M17_04_1_1_RFP_003.tif"
404,"M17_04_1_1_RFP_004.tif"
509,"M17_04_1_1_RFP_005.tif"
673,"M17_04_1_1_RFP_006.tif"
765,"M17_04_1_1_RFP_007.tif"
877,"M17_04_1_1_RFP_008.tif"
960,"M17_04_1_1_RFP_009.tif"
944,"M17_04_1_1_RFP_010.tif"
371,"M18_04_1_1_RFP_001.tif"
339,"M18_04_1_1_RFP_002.tif"
450,"M18_04_1_1_RFP_003.tif"
424,"M18_04_1_1_RFP_004.tif"
511,"M18_04_1_1_RFP_005.tif"
733,"M18_04_1_1_RFP_006.tif"
885,"M18_04_1_1_RFP_007.tif"
1153,"M18_04_1_1_RFP_008.tif"
1374,"M18_04_1_1_RFP_009.tif"
1486,"M18_04_1_1_RFP_010.tif"
408,"M19_04_1_1_RFP_001.tif"
341,"M19_04_1_1_RFP_002.tif"
453,"M19_04_1_1_RFP_003.tif"
442,"M19_04_1_1_RFP_004.tif"
526,"M19_04_1_1_RFP_005.tif"
823,"M19_04_1_1_RFP_006.tif"
919,"M19_04_1_1_RFP_007.tif"
1260,"M19_04_1_1_RFP_008.tif"
1524,"M19_04_1_1_RFP_009.tif"
1797,"M19_04_1_1_RFP_010.tif"
54,"M2_04_1_1_RFP_001.tif"
240,"M2_04_1_1_RFP_002.tif"
344,"M2_04_1_1_RFP_003.tif"
358,"M2_04_1_1_RFP_004.tif"
408,"M2_04_1_1_RFP_005.tif"
454,"M2_04_1_1_RFP_006.tif"
429,"M2_04_1_1_RFP_007.tif"
404,"M2_04_1_1_RFP_008.tif"
404,"M2_04_1_1_RFP_009.tif"
401,"M2_04_1_1_RFP_010.tif"
399,"M20_04_1_1_RFP_001.tif"
378,"M20_04_1_1_RFP_002.tif"
473,"M20_04_1_1_RFP_003.tif"
458,"M20_04_1_1_RFP_004.tif"
498,"M20_04_1_1_RFP_005.tif"
737,"M20_04_1_1_RFP_006.tif"
911,"M20_04_1_1_RFP_007.tif"
1227,"M20_04_1_1_RFP_008.tif"
1422,"M20_04_1_1_RFP_009.tif"
1698,"M20_04_1_1_RFP_010.tif"
393,"M21_04_1_1_RFP_001.tif"
382,"M21_04_1_1_RFP_002.tif"
486,"M21_04_1_1_RFP_003.tif"
494,"M21_04_1_1_RFP_004.tif"
531,"M21_04_1_1_RFP_005.tif"
734,"M21_04_1_1_RFP_006.tif"
922,"M21_04_1_1_RFP_007.tif"
1224,"M21_04_1_1_RFP_008.tif"
1374,"M21_04_1_1_RFP_009.tif"
1533,"M21_04_1_1_RFP_010.tif"
80,"M3_04_1_1_RFP_001.tif"
282,"M3_04_1_1_RFP_002.tif"
425,"M3_04_1_1_RFP_003.tif"
446,"M3_04_1_1_RFP_004.tif"
501,"M3_04_1_1_RFP_005.tif"
543,"M3_04_1_1_RFP_006.tif"
577,"M3_04_1_1_RFP_007.tif"
623,"M3_04_1_1_RFP_008.tif"
585,"M3_04_1_1_RFP_009.tif"
585,"M3_04_1_1_RFP_010.tif"
87,"M4_04_1_1_RFP_001.tif"
228,"M4_04_1_1_RFP_002.tif"
356,"M4_04_1_1_RFP_003.tif"
370,"M4_04_1_1_RFP_004.tif"
453,"M4_04_1_1_RFP_005.tif"
527,"M4_04_1_1_RFP_006.tif"
547,"M4_04_1_1_RFP_007.tif"
608,"M4_04_1_1_RFP_008.tif"
594,"M4_04_1_1_RFP_009.tif"
588,"M4_04_1_1_RFP_010.tif"
114,"M5_04_1_1_RFP_001.tif"
211,"M5_04_1_1_RFP_002.tif"
276,"M5_04_1_1_RFP_003.tif"
296,"M5_04_1_1_RFP_004.tif"
348,"M5_04_1_1_RFP_005.tif"
437,"M5_04_1_1_RFP_006.tif"
488,"M5_04_1_1_RFP_007.tif"
528,"M5_04_1_1_RFP_008.tif"
489,"M5_04_1_1_RFP_009.tif"
538,"M5_04_1_1_RFP_010.tif"
168,"M6_04_1_1_RFP_001.tif"
184,"M6_04_1_1_RFP_002.tif"
220,"M6_04_1_1_RFP_003.tif"
229,"M6_04_1_1_RFP_004.tif"
290,"M6_04_1_1_RFP_005.tif"
314,"M6_04_1_1_RFP_006.tif"
366,"M6_04_1_1_RFP_007.tif"
413,"M6_04_1_1_RFP_008.tif"
444,"M6_04_1_1_RFP_009.tif"
458,"M6_04_1_1_RFP_010.tif"
159,"M7_04_1_1_RFP_001.tif"
250,"M7_04_1_1_RFP_002.tif"
360,"M7_04_1_1_RFP_003.tif"
384,"M7_04_1_1_RFP_004.tif"
455,"M7_04_1_1_RFP_005.tif"
596,"M7_04_1_1_RFP_006.tif"
617,"M7_04_1_1_RFP_007.tif"
619,"M7_04_1_1_RFP_008.tif"
627,"M7_04_1_1_RFP_009.tif"
635,"M7_04_1_1_RFP_010.tif"
100,"M8_04_1_1_RFP_001.tif"
186,"M8_04_1_1_RFP_002.tif"
235,"M8_04_1_1_RFP_003.tif"
241,"M8_04_1_1_RFP_004.tif"
316,"M8_04_1_1_RFP_005.tif"
362,"M8_04_1_1_RFP_006.tif"
460,"M8_04_1_1_RFP_007.tif"
522,"M8_04_1_1_RFP_008.tif"
660,"M8_04_1_1_RFP_009.tif"
739,"M8_04_1_1_RFP_010.tif"
174,"M9_04_1_1_RFP_001.tif"
256,"M9_04_1_1_RFP_002.tif"
305,"M9_04_1_1_RFP_003.tif"
319,"M9_04_1_1_RFP_004.tif"
341,"M9_04_1_1_RFP_005.tif"
436,"M9_04_1_1_RFP_006.tif"
548,"M9_04_1_1_RFP_007.tif"
691,"M9_04_1_1_RFP_008.tif"
819,"M9_04_1_1_RFP_009.tif"
945,"M9_04_1_1_RFP_010.tif"
